"time","status","x.1","x.2","x.3","x.4","x.5","x.6","x.7","x.8","x.9","x.10","x.11","x.12","x.13","x.14","x.15","x.16","x.17","x.18","x.19","x.20","x.21","x.22","x.23","x.24","x.25","x.26","x.27","x.28","x.29","x.30","x.31","x.32","x.33","x.34","x.35","x.36","x.37","x.38","x.39","x.40","x.41","x.42","x.43","x.44","x.45","x.46","x.47","x.48","x.49","x.50","x.51","z.1","z.2","z.3","z.4","z.5","z.6","z.7","z.8","z.9","z.10","grp","cluster"
0.24866644795378,1,1,1.5407593304956,-1.59128122116202,0.440432581031245,-0.642630780680588,0.658794861584165,1.20164639860468,1.63135004019484,1.04755496733127,-1.30318893208562,1.10215412849284,2.42502263848685,0.0939573028814139,1.4180543634304,0.665278702544483,0.681641170900784,0.11951354117767,0.221065413709868,-0.878729862643225,0.443292236651179,2.3252165978242,2.41145759769372,2.38579977051704,1.09107873858159,0.383851325148593,1.41436717042199,0.285494694620894,3.35597673186207,0.797313563086384,-0.245011099746219,2.15347506697512,2.31497910267053,1.18211671673364,0.301538041090977,0.469676692219989,0.972250673373696,0.833841690183215,0.0881032344257073,1.11864591808258,1.36602678357928,1.20861053137324,0.565967915584167,-0.0853114371017094,1.89610617752134,1.48589408448917,-0.645138410294414,1.75232036007381,1.92370475828834,0.0754162792503275,0.766016166971984,-1.61865681248949,1,1.5407593304956,-1.59128122116202,0.440432581031245,-0.642630780680588,0.658794861584165,1.20164639860468,1.63135004019484,1.04755496733127,-1.30318893208562,"1","One"
3.15931233750725,1,1,0.261696575125515,0.0736692091087935,1.33938800513261,2.5667577937997,1.27103585744938,-0.574332367193307,0.326697107185729,2.68619948802238,1.29466509285618,0.37398049030732,1.56514406528708,2.65471407143935,0.135161752754174,1.56157419419888,0.827574827395076,0.172758920201749,2.06592411361783,1.99066826406554,0.90638421265668,0.212801382088872,2.71229389063933,0.371036729087724,0.539507662633137,1.84274062199407,0.931034665212966,-0.111799585922248,0.420490634850329,-0.195557264537845,1.81689892461481,1.2421290974879,1.4596760710358,0.965655381453521,1.01094683223512,0.579667227465635,1.75923453287808,0.294654298272823,1.1359272767037,1.20526151584639,1.14208930472336,1.86550774909459,1.25223995420525,1.74820200302277,1.0700538925096,0.598206628239777,-0.183666358953947,0.352399696563546,1.00195753913822,0.199051855687164,0.458585786156975,0.862488128768573,1,0.261696575125515,0.0736692091087935,1.33938800513261,2.5667577937997,1.27103585744938,-0.574332367193307,0.326697107185729,2.68619948802238,1.29466509285618,"2","One"
1.05468225582282,1,1,0.459954482587327,-0.142398293988191,0.649561840443264,0.719712688398877,2.03058112480737,0.1364165784748,2.04136401064315,0.282834719634885,2.4377778916596,2.08376798614347,0.727921387861106,1.00316355529337,1.3016329163264,0.69407617761604,1.54131080015448,1.84621559213074,1.43212929932476,0.684137599333091,2.46111220013199,1.02722547513264,0.314064020159051,0.078660270730162,0.674081133220992,1.40083041768165,0.85547844060026,-0.352735865319413,0.425463413712507,2.12951264650904,2.02138296967707,0.66317898960175,-0.0643452846343351,1.85407971248145,1.72419461319917,0.717874642446244,-0.75227616652418,2.10461582881237,2.40810781214552,1.60581756322269,0.255051304070281,-1.87544518831973,-1.60210125805973,0.608882199230077,2.26602502122572,1.02496075887291,0.699002846507765,4.1578165768655,-0.061261766530841,2.90801132150034,0.285760366386238,1.3261887010294,1,0.459954482587327,-0.142398293988191,0.649561840443264,0.719712688398877,2.03058112480737,0.1364165784748,2.04136401064315,0.282834719634885,2.4377778916596,"3","One"
0.327454564224437,1,1,0.524798740895359,0.256697040883275,-0.53887573901036,1.54785993726681,1.52535657870093,0.513860806869215,2.13240527023014,1.2504607719773,0.000783991959721009,2.56477751019687,1.5462736224527,-0.609816224721842,2.43923421339441,-0.180803106333296,0.157189841212225,1.57737904300313,1.17445129537562,0.542714386649632,1.26015090692875,1.25416627262186,2.05048674525099,3.04129753056754,1.46154148691713,1.84330185393173,1.62270431159056,0.338178369943218,3.08463855368389,2.08809133520909,-0.39205447480353,0.733456604312296,1.41716274387026,0.5415981179211,1.31270047990194,1.19740099253883,3.32429287082743,1.4829438041026,-0.0987104970099084,1.67904865789353,1.58683236605739,0.687428324951967,2.07561186448715,1.0229560445051,2.17604794737482,0.557781298314505,1.11197583987814,-1.13833044437983,1.25704084696598,-0.0543030647748299,2.07823140368543,0.652117511463305,1,0.524798740895359,0.256697040883275,-0.53887573901036,1.54785993726681,1.52535657870093,0.513860806869215,2.13240527023014,1.2504607719773,0.000783991959721009,"4","One"
0.1,1,1,-0.335922382332962,1.67044759173754,0.108984698554126,1.80768949397671,0.559838390469064,1.72156181387802,2.2549797222885,-0.433700340872034,0.327954172781616,1.81036221514871,0.049746813512217,0.534245422969225,2.60522029399154,1.04956235512429,-0.527711976168036,-0.329029923112622,3.32559982444908,0.183743437222505,0.508781326874936,-0.42946592541739,0.516611959350995,2.27491741985968,1.21707817769688,1.56074457359614,1.47049477636177,0.649977537756684,1.21910013850012,0.212769438402015,1.41613424067034,2.26558928217124,-0.319036659315496,0.429816140563963,2.3401738520768,1.09631412071684,0.421843953107607,3.27064383203656,0.951527355517217,0.251228148818513,1.0303915324028,0.682024363745465,1.78620931324758,0.895326012708574,0.682917771734149,1.47528569538954,-0.14313904355926,1.47507086978632,0.583447381582622,2.29933353931911,-0.490232739769863,1.05753663211856,1,-0.335922382332962,1.67044759173754,0.108984698554126,1.80768949397671,0.559838390469064,1.72156181387802,2.2549797222885,-0.433700340872034,0.327954172781616,"5","One"
1.21725718890731,1,1,1.23951977142483,1.15796915576763,-0.220380211123989,-0.018003165532678,1.87089432846571,-0.246504066572286,3.56626402403258,-0.889959525095469,0.705150879410257,1.52737675805656,2.86021267856828,1.18611383628362,-1.2968479966318,2.66118033170763,2.15939455923553,1.34352364185928,0.908604828812184,-0.0486143868660951,0.614633640778686,1.39852317818916,2.07327749164059,2.84446683402121,1.44556426801637,0.962119746349913,1.54290706093028,-0.774139523255401,1.36864399248365,1.79579762038387,0.00335638646549841,1.43869538974085,1.31254177398412,1.51312321820399,0.540422321049599,-0.265232355932567,-0.753271733879503,3.98334089728788,2.04520488617931,0.037929499090173,0.303808300363079,0.152010615538767,0.822569895391876,1.12021789806582,0.945614230421796,1.10910739509672,1.82004974483794,-1.14062747647804,1.70397893680857,0.425348367671109,0.571917475256738,0.353816317383467,1,1.23951977142483,1.15796915576763,-0.220380211123989,-0.018003165532678,1.87089432846571,-0.246504066572286,3.56626402403258,-0.889959525095469,0.705150879410257,"6","One"
1.0199617303868,1,1,0.529295029601882,1.73761967980125,1.14935680309419,1.52842143969507,0.633019569083783,-0.746210098053988,0.827336282668542,-0.140140322584243,1.77304159600935,1.72694093200022,0.206032119061839,-0.741794867772038,1.23244942302796,0.171305517275166,1.34261381981392,-0.066140379336427,1.39592416073339,1.46421195217471,0.979310906917799,-0.017910694011229,0.433813000084042,1.33659964849584,0.336629686254704,1.50524282346395,-0.543811118715004,0.748641096500745,3.41271748215743,0.889989917063955,0.501550730352036,-1.21122355270195,1.59866423553118,1.80775233259146,1.52073718326719,-0.630881896206561,0.0169151091992688,0.177776507294316,2.02268654370571,1.21138758629722,0.139512461127736,0.915016139184618,1.81925585613435,0.735690040642066,-0.495426202600802,1.5867640858741,0.219106664860852,0.471917443779247,3.02412025095005,3.07936829982217,0.825199412914996,2.08550706974008,1,0.529295029601882,1.73761967980125,1.14935680309419,1.52842143969507,0.633019569083783,-0.746210098053988,0.827336282668542,-0.140140322584243,1.77304159600935,"7","One"
4.38791278153512,1,1,-0.295561465587981,1.04239609790589,1.21772201594051,0.491859497912538,0.360439567591278,2.50200035967455,1.51277163512845,0.0455324363394488,1.86454125828801,2.57641569614883,-0.197657302037131,-0.159058345685317,0.184488374350395,0.506001619471919,0.36964835730602,0.171343673319231,1.76411247905163,1.93298517712697,-0.70960720988016,-0.161944425449191,-1.22585198174707,-0.123524928795856,1.08152964168846,3.31654527952893,0.810656141760471,0.621098083403955,2.05721236285947,2.23072228667558,2.5844517922998,1.89340123159823,1.44477251187891,2.23821529204996,2.27076627538238,2.61877001912271,2.12388934962998,0.802314611531495,1.89913267576463,1.23830192929631,1.35962650823435,1.83300799417899,3.69005472345058,-0.32919355056801,0.41023388409628,-1.58719608418953,0.567331518233728,-0.606969830547083,0.0679176702951778,2.15851411753772,1.6850634178772,0.944103262997981,1,-0.295561465587981,1.04239609790589,1.21772201594051,0.491859497912538,0.360439567591278,2.50200035967455,1.51277163512845,0.0455324363394488,1.86454125828801,"8","One"
0.135270326096978,1,1,1.18795011991401,2.49230154266362,0.254854686107195,1.27673118249545,1.2463515683683,-0.17123178439178,-0.417233637450761,1.06659585985339,0.989008288942856,0.630259089708416,0.645824242298427,1.81732120034177,0.304096178497392,2.31871688165435,2.09322432253183,-0.466173467637645,0.266356768490462,1.72889855731934,1.34081296912644,-0.177135368279385,0.0994900924663209,0.242154521011094,0.97185226232824,0.0607526167686929,0.152221774706106,-0.00936209805276311,1.63783888859147,1.47130420561485,2.81329607680499,0.0661777510011844,2.23660352279559,2.11808064767343,0.879106547733585,-0.617451925210385,0.512233187654644,-0.579163072444234,1.68435606232408,2.29109801651385,-0.836947573840328,0.0750257979579345,1.47813520950889,1.35567833220702,3.71191173581335,0.961872391813529,0.653151251024645,1.01199697967438,3.03662091716013,0.929068629580134,1.66789270579392,0.373141438402245,1,1.18795011991401,2.49230154266362,0.254854686107195,1.27673118249545,1.2463515683683,-0.17123178439178,-0.417233637450761,1.06659585985339,0.989008288942856,"9","One"
1.42935471494936,1,1,1.38074559588026,1.41463215077424,-0.196888391266556,0.996291789254152,2.0594753670129,0.611787768264806,2.57719376410481,1.66759051506428,0.0209701472502791,0.113325426662323,1.26448664497389,1.40637558287861,1.08030511831605,1.38587845014617,2.23014863524577,1.51940837720855,3.59640095001064,0.412474550055341,-0.365334325037838,1.21649254336266,-0.460804185784969,0.307231778833977,0.300416874671467,0.744087434226835,1.04481413663122,3.2155321773817,1.70016090952645,-0.699842901394626,1.57497607334508,1.38697247544496,0.560191814771628,-0.452078267993945,1.14105846715595,0.6734275494132,0.438928228358216,0.408532543046336,0.124119812031065,1.36882007953022,1.06538619680996,1.74419906754466,0.36365014169208,0.800145792473365,3.45330905041163,2.23521704377754,0.777749152662122,1.88552590960941,0.280659038600356,-1.04895399802833,0.0555213830972996,0.0119359877949342,1,1.38074559588026,1.41463215077424,-0.196888391266556,0.996291789254152,2.0594753670129,0.611787768264806,2.57719376410481,1.66759051506428,0.0209701472502791,"10","One"
0.209175010879912,1,1,2.31797039756188,0.551862967478292,1.01256761558425,2.08228464442242,-0.134337332412486,0.519627442037311,0.112821310387273,2.70042801834718,0.955988617529879,3.41218605928022,0.665418806985308,-0.057520333559016,1.36382510258888,2.30350156162355,1.05253110213419,1.68039014749047,2.76482451932447,0.434835760399795,-0.0642875337515827,0.982697574084686,2.21701947404861,1.99842313518737,0.379265969978967,3.48686918859189,0.600660484906979,0.292318641355208,1.93280503461523,0.496520302127143,1.03655619906022,1.74619913286811,1.63266003639412,1.16497208300295,1.65033775010348,0.722995544825595,0.113346805560251,-0.795483670677936,2.4324633000195,1.98572639132318,0.360114216813106,1.79609598598463,-1.36933960788116,-0.0206125621320346,0.358128500352156,0.268914586060996,2.72160026076729,0.815652393683187,-0.0770055491652073,0.425808421244074,2.64465310497946,1.33335957982397,1,2.31797039756188,0.551862967478292,1.01256761558425,2.08228464442242,-0.134337332412486,0.519627442037311,0.112821310387273,2.70042801834718,0.955988617529879,"11","One"
5.15677528884828,1,1,-0.793380556554456,0.0615815703783423,0.378162239826873,0.566869698355176,-0.18234012349547,2.35656569197011,0.996969580478188,1.53721199913922,0.665217894630884,2.53927332130223,0.823291514527387,3.0504648097334,0.715057515237409,0.805258455588517,2.55559790022081,0.14256183052471,0.0357979806301901,-0.507464799638831,2.31804384925135,2.82537852327995,1.82715652973024,0.191988958422546,0.953013672292843,0.829361283505986,2.13997139081787,0.142805246301013,-0.361008145581921,1.62417703975897,1.74872323800055,1.85848508690317,1.08583781172641,1.00372861911198,-0.240742162855142,1.18670396930384,0.0886216528287856,-0.574473755279254,2.07838175841911,0.73950776048249,2.37211193845748,0.0299358357779057,1.7737773605456,2.03728244972943,-0.548165061090791,1.628713162115,0.314744432774757,1.43645332683328,1.09387221202186,2.20293452955836,-1.33218496382021,1.03114252226148,1,-0.793380556554456,0.0615815703783423,0.378162239826873,0.566869698355176,-0.18234012349547,2.35656569197011,0.996969580478188,1.53721199913922,0.665217894630884,"12","One"
0.360219093821409,1,1,-1.94835139311076,0.579699289595412,1.37761707965944,1.51823331478857,0.0773411894585693,0.370551331207344,1.6854926701686,0.588970998729908,1.61945773161535,1.14109227700169,1.34941208152697,2.37448426554609,0.00900915196741747,0.94245494147309,0.389698758129872,0.225105392706335,1.1503383093202,1.35789844175937,0.466799196344186,1.8521762641913,1.30371970512977,0.789318857014303,1.0682474455706,2.6701770060043,0.0218903995875497,1.29073763944031,0.411464571965754,1.32061743281239,1.23555514217984,0.918424614900372,1.01214040612999,0.343246343206294,0.496543483795128,1.43440301446679,-0.0390541949251737,0.891423321574637,-0.491639155095221,0.241904274841464,0.608343120360811,1.77749075128494,2.59901224613744,-0.113533686178242,2.69070543749419,0.630574854305734,1.49435258757823,1.41649049759331,2.18199428245579,2.61353636015549,0.651063535464239,1.18255992913776,1,-1.94835139311076,0.579699289595412,1.37761707965944,1.51823331478857,0.0773411894585693,0.370551331207344,1.6854926701686,0.588970998729908,1.61945773161535,"13","One"
5.39734153842537,1,1,1.78515272034903,-0.265536219657933,0.219384766215522,0.752464878150038,-0.859684405660589,0.820979713745661,0.0733881837132091,-1.34832740271108,2.14072852555,0.00702979039787621,0.669764760958959,2.50527015078585,2.38555165667002,2.00895067793407,0.688411632636968,-0.571848215124264,-0.661747369757393,0.496600915187326,0.805420319661435,0.332822898878605,-0.488341466463445,0.783794487364692,-1.15455189868145,0.0751519287048195,-0.413200984151305,1.24863517051064,-0.00555394695153222,1.91568011276392,1.56003169746405,0.381748863116037,0.889305334475742,0.0681227842109666,1.25716300940004,0.552184011817764,1.15461015595446,-1.795809858205,2.28923628580762,0.227454360364367,0.511445508768253,0.140145086340854,0.0916896969987598,0.349592401949252,0.038256857900695,0.832357161112104,0.204298268298893,0.872829144443515,2.58607959649917,3.46271589082336,0.187184938739784,0.173356792309069,1,1.78515272034903,-0.265536219657933,0.219384766215522,0.752464878150038,-0.859684405660589,0.820979713745661,0.0733881837132091,-1.34832740271108,2.14072852555,"14","One"
0.447469908428037,1,1,0.675826141983678,2.38242150675145,-1.15263798060275,0.33195836855337,1.40723842243799,-1.03165272056464,2.11470608112087,-0.999529863283236,0.351433752358411,0.665832922949441,-0.648785172890393,0.586277406512722,0.389814252769708,1.80107241876462,0.352758241746685,0.89461128219084,0.247612102697995,2.09680974617905,1.63923628566462,1.7170349626632,2.12745811885612,0.368580274273831,0.997353237332956,0.936496644697824,1.22458341476869,1.07591158810802,1.60749094570159,0.730839517723477,-0.00620915226274876,-0.977928428341781,-0.525170700732526,0.960391966396897,2.15009505145333,0.904145292448355,0.452568320951016,-1.47454004729312,0.423023529434361,1.80383639653307,0.986357672340676,0.817770858119271,0.21249873300402,1.3424286704846,2.59641537773442,1.96234853364225,-1.17952126518938,0.809846459168814,0.690265229495947,-1.63386151195241,2.62968336064916,2.07843206344969,1,0.675826141983678,2.38242150675145,-1.15263798060275,0.33195836855337,1.40723842243799,-1.03165272056464,2.11470608112087,-0.999529863283236,0.351433752358411,"15","One"
2.26733623686926,1,1,-0.634679707618292,0.990748343727686,1.00293009488897,1.20345210415551,2.80737864235239,1.5229435907146,0.67961475959574,0.398559695475505,1.07007502059214,-0.756875808225212,1.77152998468256,0.477942376478202,0.573531809253392,2.20346792929814,1.25648233636697,1.34974719627348,2.42734329243482,-0.431561099073044,2.57663577715601,-2.4100562742909,3.27155029606255,1.50048200160199,2.50278544172888,0.689710760892895,1.86342649372768,-0.213801842775646,1.63276226036231,2.21074887467168,1.39770565475359,0.97853139569773,1.57976365112288,0.458351108662351,0.625519968176699,-0.0453766581360351,0.308857189568835,1.31322339984826,0.409483746436098,0.445150851709301,0.280270624624088,0.904458457552577,1.73742031852625,-0.137491236902853,1.77886949312534,0.674300656824676,0.240838979437413,-0.397756772882696,-0.00871672075147512,-1.64038788871169,0.52925482668658,1.93466679982104,1,-0.634679707618292,0.990748343727686,1.00293009488897,1.20345210415551,2.80737864235239,1.5229435907146,0.67961475959574,0.398559695475505,1.07007502059214,"16","One"
0.1,1,1,1.47553178512985,3.74226697703542,2.18210244339539,2.83101948244401,1.34729677971766,1.07938433651073,0.874448360752913,3.28144471110203,-0.136578187189544,1.41336644841258,-0.0545453299171343,-0.240185989865547,-0.307458809296417,1.00934756765152,0.111163104947513,1.71494845493354,2.19990194434241,1.38800016589848,2.4360802824338,-0.857474511881158,-0.0370190891694819,1.39519950663386,0.286524748914778,0.519842822180917,-0.377323273482155,0.184573511361314,0.0256847724986617,0.975140944381514,1.60675478153647,1.22291950859682,1.67425301527677,-0.396479712639235,0.728599767096811,-0.637045370305951,2.93524499779501,0.251803387722297,1.60951511284092,1.8835899358683,-0.160539298931862,1.04910228174889,0.198779560280465,1.3259637871511,0.673464482698981,2.37570852834193,1.45513590196486,1.68808466449579,1.84746572592609,1.67491815664966,1.75165390395922,1.76971921599179,1,1.47553178512985,3.74226697703542,2.18210244339539,2.83101948244401,1.34729677971766,1.07938433651073,0.874448360752913,3.28144471110203,-0.136578187189544,"17","One"
5.8642757399158,1,1,0.576446616449699,0.783006691368347,0.958193189939728,-0.467517664169455,0.0455314713162915,2.42973825053973,0.656779792904834,0.949929951402079,3.07025454353312,-0.476317509441011,-0.602518190579384,0.411668923966388,-0.0910539486974702,0.616984484313643,1.58441329978678,1.76777678703949,0.702645973752132,0.522255685549905,0.471984465384069,0.705712236180405,1.45751671017398,1.78078668939481,0.300290731391796,-0.356310775715508,1.24888553262011,0.289023199107263,1.33659323374989,2.49213435589381,0.909663154701268,-0.659370916791128,-0.860723612198204,0.475799494903166,0.704149526813079,0.864417977313933,1.21353824092321,-0.147453625317506,1.00858168277327,-0.787473719630803,0.531641316847036,1.85785598628281,2.06036156047918,1.37988655431023,0.291445071211115,2.08316817611021,0.586065864030767,2.30734367680976,1.79422358321883,1.08297153465799,2.48397499595536,0.940685259293915,1,0.576446616449699,0.783006691368347,0.958193189939728,-0.467517664169455,0.0455314713162915,2.42973825053973,0.656779792904834,0.949929951402079,3.07025454353312,"18","One"
0.1,1,1,2.41078493668836,1.18789167282241,0.79890239736448,2.81438594175672,0.126004654547394,1.64278066190285,0.529547215532121,1.70353968214884,0.529933227428185,1.34738129713614,1.49470019766042,2.30045254157467,2.09519224117269,2.09273164836293,1.13154370327943,-0.130337507338889,1.30271169986403,0.728395378956469,0.329619056937553,0.280847903214919,1.57233939705353,0.662943495390483,0.440657778509354,1.41586251775227,0.963206995300538,1.14975132267453,2.3243440660316,1.76707019005067,0.885462032680122,0.197707440097635,1.17538318152772,3.00340009912512,0.655195712347314,1.45882938076662,1.28703357896568,1.59791351473945,2.75494214244571,0.60449056704213,-0.370616837688979,0.89479223479918,-0.0146397063265633,1.29502682883153,-0.474433105505856,0.54315142348827,1.58525399837725,0.215284813250971,1.2626906196165,1.06556853695989,-0.656029617489865,0.801802187385935,1,2.41078493668836,1.18789167282241,0.79890239736448,2.81438594175672,0.126004654547394,1.64278066190285,0.529547215532121,1.70353968214884,0.529933227428185,"19","One"
0.370872630763665,1,1,1.73278248592845,2.27489756090604,0.463012515119611,2.27582211991367,0.827983731191797,1.94041834161383,1.0901287957945,-0.917258766695406,2.70951897730224,2.48273454696159,-0.0648356395960186,1.43526527985987,1.80237698164297,0.0443494136939651,1.13843113859977,0.784841932563184,2.30534537110867,3.70954627808916,-0.686877720014933,-0.00892881143968616,1.99545260208455,1.91117179285403,-0.108554883711047,1.73379847075201,-0.176544864159054,-0.352546179432267,0.538028527811654,1.79617712777236,2.01715185615356,-0.453740087675905,1.45369839650233,2.07785712308303,-0.9685900066063,-1.3740958038848,-0.0454661327866674,2.50495086070958,-0.0918576628272314,3.23356277461202,2.21961790346497,0.316628359933558,0.847217452191537,0.0982971046238943,-0.301793428949584,-0.22312478941388,0.938420485337725,0.207724717632511,0.275327387734934,0.352924948039534,1.12855614484107,-0.712933762782856,1,1.73278248592845,2.27489756090604,0.463012515119611,2.27582211991367,0.827983731191797,1.94041834161383,1.0901287957945,-0.917258766695406,2.70951897730224,"20","One"
3.46644513874836,1,1,0.688534091478124,0.931437376749223,0.954076786058162,1.06874313889019,0.971436864391381,2.06563235131804,1.5735902026795,0.527597353340967,1.03067047605895,1.10699933000686,2.5157638550101,0.0335345540873634,-0.0360236868146278,1.88047194879012,-0.757172057281153,1.3413451505727,0.231096410497326,1.51808315561672,1.17757887080946,1.34598635810883,1.63968913456885,0.665668605377406,1.5315138386793,1.97831278366303,1.93490208004271,0.604569970784035,2.76709112693863,0.796745625178391,-0.554911287370677,-0.0573247743152441,1.33987691886606,-0.770660555913336,2.27007364968983,2.46409166504835,0.598986977816049,-1.93004442974134,-0.147777761013542,2.51097622314648,1.86240481035797,2.48445148583023,2.389167948772,0.125647194419902,1.21458083290992,1.17582643907684,1.92528345563349,0.363972961186051,-1.5034111356264,1.34358670114477,0.0179102855822793,1.80384605042374,1,0.688534091478124,0.931437376749223,0.954076786058162,1.06874313889019,0.971436864391381,2.06563235131804,1.5735902026795,0.527597353340967,1.03067047605895,"21","One"
0.209610578406469,0,1,-0.0696974933600893,-0.205724114444693,0.0938682896873959,2.09562370991006,2.28949669678888,2.63128051175657,1.04521571666009,2.84378794768567,0.00939654662579115,1.66271208538797,-0.00623892374040436,3.31480683732197,1.64396295137485,-1.66968946052156,2.69345055489414,1.76771665422712,0.545040819022902,-1.20616661662211,0.139039547430321,1.28964094128396,1.46360970661415,-0.403801331897023,1.49975271074848,2.43847840195076,1.01427952222938,1.68191233870576,0.0135658861485967,3.50891149175087,0.930762136019869,1.20196905899795,0.37446646747661,0.903326651582402,1.64304889866012,0.325730127646006,3.74725752843483,0.622363850774386,0.140759164812315,1.76912785994064,3.45501437284397,0.716187516492268,0.53237367092051,1.16994326861435,0.367248990197537,1.78006923394214,1.33910797827739,0.508533395804185,1.57504830531777,2.04159509656016,2.08946887280913,2.81019097239985,1,-0.0696974933600893,-0.205724114444693,0.0938682896873959,2.09562370991006,2.28949669678888,2.63128051175657,1.04521571666009,2.84378794768567,0.00939654662579115,"22","One"
0.653961860030889,1,1,0.957130201164012,2.44429758336592,1.2282961378396,2.18083191658158,2.89389796816375,1.3252093919084,1.21688836070935,1.3325325664019,1.49892631250929,-0.953200852719627,0.582145581351814,-0.358779168552336,-0.223092858973742,0.585796947682288,1.64871737662454,1.97625818890349,0.221321804865884,2.19954888389151,2.44347864109224,1.00034422439511,-1.03072687323455,-0.188731934455696,1.60557781545215,2.27783450636673,0.435200531191394,-0.175237960546222,-0.486459914966971,0.413556477404723,-0.690041870984232,-0.375621043791937,0.17712769851252,0.460169376226013,0.222686619070914,-2.18472784389028,0.556317999883996,0.968795186970445,1.55264546226272,0.373922364069812,0.329812947167848,0.533318156307123,0.721075048463239,0.0795272262354177,-0.687463239917434,2.92450390165186,-0.0755566422389291,2.10205209420841,3.25991854184001,0.299088442303747,1.05231554058699,2.84397999461415,1,0.957130201164012,2.44429758336592,1.2282961378396,2.18083191658158,2.89389796816375,1.3252093919084,1.21688836070935,1.3325325664019,1.49892631250929,"23","One"
0.416504227200962,1,1,1.24983287316386,1.28089264696954,1.94692394163198,0.283045958340357,0.311008917884021,1.52940829787608,0.707031732829985,1.83713762227904,1.3103337481737,0.598317412423786,1.52620274002639,0.524370038328193,1.14728945613915,-0.0525255254894288,0.477772805830723,0.942659525353248,1.0766102661488,1.50172652469401,1.09728459514699,1.66205038994555,0.664452863866767,-0.185021635407502,1.12789825218082,-1.10783830869082,1.92281059194786,1.86801471626759,-0.345338345226333,0.161672663842746,2.10318105760238,1.27108531450673,1.1009955269249,0.102347457995454,-0.845636380035357,1.39016056689994,1.45306894265409,-0.0111463807710612,1.41319590895118,1.58486097921848,1.82080475842319,3.59401691986048,1.77269152543788,-0.08229724410528,0.640021248341981,-0.431524993174696,-0.472009983013214,1.41087869071191,0.85008643442063,-0.484609163731199,3.52059912436505,0.997066646429821,1,1.24983287316386,1.28089264696954,1.94692394163198,0.283045958340357,0.311008917884021,1.52940829787608,0.707031732829985,1.83713762227904,1.3103337481737,"24","One"
0.275615523293017,1,1,0.399442504160804,1.08602760251497,0.856747412433553,1.43094222683309,0.990907738872948,1.87561784758053,0.658546734755676,1.92415514038196,1.28299446711495,1.70598960389088,0.558850639743641,0.868977715263887,0.394875603203403,0.805032027703879,2.13989735821905,0.115330644103562,1.55245239392826,1.13218427487124,2.52563179814433,2.2231923209574,1.85723167101632,0.759512706183574,2.19717116925124,-0.638316611886439,0.768660373624824,1.23030046718118,-0.948803921516268,4.81610634897929,0.0824138843925584,1.05491075044559,2.12680946157492,0.554381369355639,0.485678989371934,-0.24818532215748,0.515830482536134,1.88029814890819,0.155912887396592,0.941219960604123,0.585523780392024,0.354448731920673,0.380240969625207,1.14325927454932,0.899004555811297,1.59207872530472,0.798244806002735,1.42458877020527,1.24503713696848,2.08833888180494,1.04824090787867,2.16143460935634,1,0.399442504160804,1.08602760251497,0.856747412433553,1.43094222683309,0.990907738872948,1.87561784758053,0.658546734755676,1.92415514038196,1.28299446711495,"25","One"
0.1,1,1,1.24226808702625,0.848400426279541,0.428857003322186,-0.0587040753036081,1.13923369080282,2.12830685005715,1.40924996905777,1.86291575593002,0.209026939583286,-0.551925814503692,1.45316068556995,1.07481810516265,-0.00230420421374711,0.0969770806142294,-0.135538083931538,1.0077609071067,-0.91426675708504,1.61812266225461,-0.626115460910301,0.803554111135375,1.74286920661855,0.0186312480707665,-0.000182202425946798,-1.13346676528827,0.522418056793818,2.79648648858054,2.30754898658057,0.115729003725617,1.2558470746499,0.405668103400826,2.54188321777543,0.832262968311989,1.00663456776574,0.9820491916349,1.15643262091238,0.212885161655851,1.37266827162073,1.11535879311543,0.362434316597375,0.168037441860123,2.09835755818937,3.31828624051309,-1.29971400537642,1.03791768889987,-0.102761931830684,1.44161307305238,-0.0618307232665982,2.96790690098728,0.0919578413994949,2.82414315523972,1,1.24226808702625,0.848400426279541,0.428857003322186,-0.0587040753036081,1.13923369080282,2.12830685005715,1.40924996905777,1.86291575593002,0.209026939583286,"26","One"
0.738855474672447,1,1,1.14270545300227,0.415326960573194,1.55701799784149,1.80231122079196,3.15907717009555,0.562597380566241,2.22189068682777,0.363746192083278,1.15995948198557,1.99251950255683,0.435361713351415,0.0408380636230595,-0.742560402153509,0.330332246756272,0.986652044993377,-1.50557438888292,1.1805216723362,1.2689333064989,0.38364584826583,0.462021153744315,0.867932128637686,1.12489681910195,0.952137492839883,2.24944441921213,1.00180573507318,-0.0585762951661697,2.04236658126571,1.75490965548051,1.08148247261971,0.0107657365776197,1.24773814322339,2.5866396811,0.116645213522197,2.77268427720183,1.36496910409746,1.54499914816162,2.55849256396672,0.428833926061746,0.709041056601953,2.05188380133088,1.72679449562486,1.1312304190493,1.81652499066903,0.0150415485583345,-0.758677867355468,0.309021616099708,1.83055535481347,1.48690578019511,0.886723276120616,2.6195042757044,1,1.14270545300227,0.415326960573194,1.55701799784149,1.80231122079196,3.15907717009555,0.562597380566241,2.22189068682777,0.363746192083278,1.15995948198557,"27","One"
1.27055675383106,1,1,-0.410000328707685,1.48658064196298,2.15365589192105,0.515856192659516,1.83019444658525,1.46200524548867,3.24841820441338,-0.170277053502827,1.10919731780437,1.95319506269604,-0.177143425199858,0.470074499706864,0.888329688095868,1.73154830136443,0.158506747746119,2.14927232333032,0.870061376994639,0.419951908820554,2.58216241328463,0.0575260339531867,-0.0392454425193529,2.32940507792071,1.54845628538635,1.0495259737381,1.62055221745779,1.3034669007898,0.200910149488732,1.02582274759412,1.25896201430753,2.71279742815312,-0.30990340106408,1.9878439366223,0.509224616406247,0.0661704112877439,0.154701100093995,2.02549347773446,1.98817120863204,0.816712927551786,1.53205918772205,2.26631545196681,-0.152614065973123,2.6083005599207,1.06090096714411,1.24585361311499,0.799292715505234,0.981483742670645,1.50646623225526,0.276563542186893,-0.0550877595234032,1.48929909398391,1,-0.410000328707685,1.48658064196298,2.15365589192105,0.515856192659516,1.83019444658525,1.46200524548867,3.24841820441338,-0.170277053502827,1.10919731780437,"28","One"
0.1,1,1,2.56780411940959,1.08478462332912,0.307766658607042,2.21235403736144,-0.534759620415458,0.771194524165726,1.16186017507264,0.625230528551175,1.42268712667528,0.922665019914292,0.802973159015042,0.379584337980752,1.45650806340227,1.07340761203367,2.71710815621987,1.76793628304282,0.895745913219471,1.31341106295384,-1.1701764539664,0.25708217715715,1.29233041441827,1.61823686726753,1.58534281073688,0.886274889933052,2.14691089005624,-0.61893365648641,0.869388428168329,1.05501032253298,0.715609640421195,0.317995418429401,-0.994568695851752,1.2641472390548,0.550411489730379,2.47259340669382,1.58894352099949,1.07716543274502,0.308085117826386,0.160872957748848,0.633327234448335,0.221303605009197,1.17818257723976,1.11583917125464,1.21109037781579,-0.621193035763595,1.33740149208063,2.81588072899633,1.08784592804856,0.0916502731636297,0.917734070093395,2.01873551196211,1,2.56780411940959,1.08478462332912,0.307766658607042,2.21235403736144,-0.534759620415458,0.771194524165726,1.16186017507264,0.625230528551175,1.42268712667528,"29","One"
3.9774313654761,1,1,0.8845945075001,0.418700678928239,0.959736903203593,1.57839282954177,2.1651031207713,1.45179496239235,1.20332419575,1.25130610750989,1.8966657219989,0.668627812920859,0.841694786835972,0.96771385929592,0.685189214983273,-0.220926241216343,1.82868008280588,3.40069659664944,1.59401934888384,0.00015448979435706,0.198925392848773,1.78056317687818,1.27457340059553,-0.470035418328891,1.2746369037701,0.86585113242144,0.585191463932491,2.83944937398269,1.68522269852001,3.08161638264033,0.489995221329557,0.707188485034416,-0.524755820308178,1.17278022536899,-0.758640389121098,2.00094601379975,-0.545752471182284,2.25776319259697,-0.516765256848478,1.71917415091327,1.72306247407317,-0.800661424339687,0.951054882903491,-0.362625129943247,-2.13258705151846,0.854100452586224,2.2544471757664,-0.585331974570973,1.11501518396913,0.699574727041436,0.854215291147239,1.41971704817307,1,0.8845945075001,0.418700678928239,0.959736903203593,1.57839282954177,2.1651031207713,1.45179496239235,1.20332419575,1.25130610750989,1.8966657219989,"30","One"
1.71739908639905,1,1,1.28758324223903,1.83090246841091,0.985916125835782,-0.100868880056384,0.824125855188304,2.71491878003727,-1.02360046499366,0.417264766114604,1.04882851871245,1.74081610474542,0.742387125682054,2.84766684468803,1.90690707400425,-0.229570551999597,3.12571223650091,-1.15548773488624,0.602669217713713,1.46003237865645,0.918464762258967,0.97000856084814,2.91501240786406,1.69465575923552,-1.20143390557746,1.22055932425273,0.517026200423632,0.223109245517389,0.461483658698275,0.976649608842193,1.77125698871764,1.37304437367911,1.27025321862902,1.29701746761228,-0.130558543200522,0.113322138438436,-0.173645740445868,-1.46254610008803,1.43370038523623,0.102722473570962,0.764292388805775,1.91570355292684,-1.16906583245063,-0.595795379948567,0.923891015418019,2.42393932637875,0.0946743632085436,0.96240326796257,0.649342539068551,2.32425047043144,-0.53261361868847,1.22337368418096,1,1.28758324223903,1.83090246841091,0.985916125835782,-0.100868880056384,0.824125855188304,2.71491878003727,-1.02360046499366,0.417264766114604,1.04882851871245,"31","One"
0.898604147393989,1,1,2.67335587000819,1.46444014965425,0.626687550826925,-0.106373144810928,1.87183788165034,1.18619783144285,2.52465887226251,1.51058994761022,0.356242009573249,1.47149886470353,1.07563398145844,0.912765920812184,1.21147475089212,0.710289937573992,2.32946939492053,0.0744265597067171,0.613877511902482,1.41348478015911,0.790846360341166,0.0275716765644445,-0.43160387628043,0.390492067479355,-1.79850951594185,0.92690047237042,0.859593423373605,2.01839969327515,0.672746103071499,2.53640232289285,0.760041491442472,0.797729559371959,0.601517573744973,0.151452287711472,0.385860036280632,0.673808969843457,2.40570004336149,1.82619402570484,1.74027508664305,0.0604498006493054,0.989930014823116,0.12388942038427,1.13032683262873,0.151334350602632,0.728164035834814,-0.0486433454505928,-0.335717628245757,2.89836347612014,3.07547619400355,1.68201903792308,0.786096519285797,0.607521279159906,1,2.67335587000819,1.46444014965425,0.626687550826925,-0.106373144810928,1.87183788165034,1.18619783144285,2.52465887226251,1.51058994761022,0.356242009573249,"32","One"
2.00144926016878,1,1,0.678670259910837,1.8324199398992,1.59965182998803,-0.814190086451128,1.00909850494017,0.105611902566635,0.514283502836901,-0.306162397455494,-0.48561373447789,-1.1227300104826,0.954715193791036,2.09308130650765,-0.303147191640011,1.31244031627032,1.4734863028115,1.576622018548,2.13227224220625,0.110340241159062,2.5425500309929,2.06427510299459,1.5662987221009,0.0898215403071452,-0.252092383790654,0.942426784042884,-0.685710266337761,1.26939628247085,0.817510574243098,0.836730437173618,1.6891994482151,0.847187770318705,0.617286591405425,0.888598848762477,0.828544485603749,1.78061697260056,1.10555127899442,1.80938523042263,1.99424320140076,-0.330250634111624,1.20249910692073,0.365165767360964,2.98478129309922,0.352869826227274,1.01523212909518,1.43667166813295,1.19736803407044,1.1112080911358,0.17167869841923,-0.26946590336234,-0.275639536379716,0.290795603932313,1,0.678670259910837,1.8324199398992,1.59965182998803,-0.814190086451128,1.00909850494017,0.105611902566635,0.514283502836901,-0.306162397455494,-0.48561373447789,"33","One"
0.1,1,1,0.376777019588124,-0.335029126472151,1.41425848681203,1.69368982595829,0.992016394851946,2.82940430513507,2.52855735956659,-0.168010984719684,0.149822150668653,3.34554740126677,0.960965083370161,0.991375651354086,0.939809190101712,3.07852395272642,-0.0581412011544955,1.32551492467657,2.70115204856382,2.50876361817483,-0.366994252142043,1.03720906708362,1.44049525825595,1.99022349736854,-0.216817056198605,0.450071913574096,1.22929727951477,1.56223463891055,-0.0373866988462492,0.983979692203104,0.0473499386931546,1.83611754839465,0.840378875645745,0.272409201051822,2.31804297002508,1.97397564248843,1.11861587364282,0.165336283139745,2.4288822556586,1.0281670444962,-0.121452597796859,1.74998572055602,-0.854071328807539,-0.012849537233417,1.83235473058303,1.74774715277962,1.09622466845249,1.14553283671086,2.01156121261206,1.7872665585767,0.468284372228943,1.49694644941439,1,0.376777019588124,-0.335029126472151,1.41425848681203,1.69368982595829,0.992016394851946,2.82940430513507,2.52855735956659,-0.168010984719684,0.149822150668653,"34","One"
1.2098818922915,1,1,0.76525188275463,0.626530843168195,-0.391787690623944,1.59370890381557,1.60578781602835,-1.15520469434817,-0.0423437327057228,-0.333645407340944,0.627661073383968,1.22660958972916,0.869581089143495,0.827560573033723,0.666728427868582,0.273609745953503,-0.821440926418648,2.75042423540529,2.67062376193935,1.78100815559942,0.0847140622042508,-1.229744580523,2.43426515824387,0.903402801081016,0.488265814735997,-0.17370162168773,-0.520304997283202,1.42700284842376,0.622820272257472,2.26127902728522,-1.15342558031401,0.723314110211135,1.69431816736912,0.33344609435501,-0.96379180776907,2.65748408075681,0.489208697199674,-0.139251537434149,2.2604105359092,0.643134882722027,1.14530975479379,1.54535589474404,1.51302513891444,1.957433170727,2.55695575150436,1.69507135750528,1.79860321594918,-0.432709730180049,1.85445214446067,0.337040245557717,0.971699631743317,-0.262320353831705,1,0.76525188275463,0.626530843168195,-0.391787690623944,1.59370890381557,1.60578781602835,-1.15520469434817,-0.0423437327057228,-0.333645407340944,0.627661073383968,"35","One"
0.210890916461426,1,1,1.47015743352149,1.41499839274347,1.56555536148678,1.11159309409023,-0.829538462122532,1.92260054860397,0.733575726916423,0.263016247981293,2.75834837523046,0.791008822948627,0.585820630490548,1.25169021757669,-0.202830075265738,0.756366640663888,1.47323591386698,1.06930928184466,0.318946830708833,1.27386917726443,1.82943306003559,0.874739819266245,1.50504668812191,0.779513265734109,-1.07059481599796,2.34907762932506,0.871127161340308,1.92035189053604,-0.0903680847143709,0.568178170351451,2.52461336190578,2.56239581991615,1.85660379451152,1.82996544741517,3.6555585984025,1.1692853284794,1.03665603272129,-0.0859698723502289,2.12899543825289,3.18051639749545,1.48324149802673,0.880646829554039,0.91934554566455,1.26874865376832,0.304933275422277,-0.478066044489393,1.73683515160272,0.728510728019881,0.922440544425897,0.773374926827984,0.911032900641702,-1.43050761584228,1,1.47015743352149,1.41499839274347,1.56555536148678,1.11159309409023,-0.829538462122532,1.92260054860397,0.733575726916423,0.263016247981293,2.75834837523046,"36","One"
0.731079767784491,1,1,0.987328783533477,1.18783475219938,1.41727957914503,2.25818216123181,0.592833706525446,0.84763943465839,1.99919979605993,-0.736596992432289,1.99803376181477,2.10652641628426,-0.222233037109334,1.4280804365264,0.787806572735474,3.02873308693478,1.73995886793047,1.23243093746296,0.689143610606462,2.54559558441836,1.31885412212628,0.263707250638227,0.897199800507972,0.137571742448884,0.670277581917324,-0.726601486814867,2.73784437511251,-0.206001537166842,1.7076517150435,0.7971724000791,0.317025938101536,2.21597869127735,2.1643672252811,0.101303582079571,0.0346189415853354,2.72999793532035,-0.0359410617317286,2.14406333184572,-0.197545858410208,0.557086502157615,1.4056799217371,-0.110099381553956,0.91038350187534,-0.345905443344882,1.41345272089165,-1.50246861062481,2.39192921752143,1.60254089437941,3.53629260819145,-0.131737679318037,1.09486714544029,0.413955778883553,1,0.987328783533477,1.18783475219938,1.41727957914503,2.25818216123181,0.592833706525446,0.84763943465839,1.99919979605993,-0.736596992432289,1.99803376181477,"37","One"
0.1,1,1,3.13101557001278,-1.24753618062191,3.59938567365789,0.901059484441174,0.766878527022722,2.55004232935261,1.42510301147907,2.0304143565814,0.673326330680973,1.04246123319983,-0.385806604978157,2.1117000825455,0.884012111410559,0.633182491169638,2.09373943185052,1.23162431326272,2.93781474717121,0.867227556983668,1.53264387680567,1.16021675954081,1.45279493142761,0.555229346788582,0.705256886350466,1.26490343772039,1.05928955135059,2.77360323048929,-0.0625744097996377,-0.477589360789046,-0.502261078762325,0.768971547075516,1.77911262852081,1.01479296434307,2.62509289087093,0.423948115153293,2.19277930247229,-0.786659475895366,-0.208159092816902,-0.773379711178734,1.85429329031195,3.14999755083447,0.427979107421953,0.432688516621818,0.600823254587354,1.28918045818325,0.24103225546974,-0.0575004251205349,2.30423009607747,0.773939443878765,0.772941646461714,0.293732564084055,1,3.13101557001278,-1.24753618062191,3.59938567365789,0.901059484441174,0.766878527022722,2.55004232935261,1.42510301147907,2.0304143565814,0.673326330680973,"38","One"
0.512983804279874,1,1,1.40349962769988,1.56468373697974,2.71970991059841,-1.56738004754398,2.07568123020209,1.28088971350576,0.789940050849208,2.18155774342591,-0.135672902974614,1.34320910017194,-0.162990069384994,1.32644513491099,0.492668036093333,0.912469353491964,0.784603052262114,1.55964055695463,0.885734542156207,-0.157557697740481,1.7413183851868,0.273305108390681,0.349842160531279,2.36803876765588,0.665832516275171,1.87195312071182,0.258881599440504,0.81728582452222,0.610084264713061,2.96282599639601,0.247409518462272,0.451967987891137,0.308756220510845,0.934370491883454,0.603500394976843,1.31182753680368,1.15866302252272,0.86305324087545,-0.302743998506865,1.45574280477951,2.13317906458739,-0.0160813925905408,1.47347628934672,0.524912695427843,1.11472348932938,0.775203953568896,2.05758097785141,-0.196422317414116,-0.705453090811444,0.222474086332356,1.58660734199468,1.30853729297556,1,1.40349962769988,1.56468373697974,2.71970991059841,-1.56738004754398,2.07568123020209,1.28088971350576,0.789940050849208,2.18155774342591,-0.135672902974614,"39","One"
0.1,1,1,0.882149521851973,1.50797900648488,-0.102228389188899,2.0256040631052,0.777581873156251,-0.166072623996875,1.02355000140312,1.71372308069015,1.28571077421382,0.164861770992978,-0.225108025257357,1.87568366846859,4.01845434047258,0.860090869348368,-0.501534311115862,-0.26097630235085,1.87836106734315,0.629269349864313,1.94157187908816,0.532599893782711,0.228941473683982,0.456071217331723,1.57525306468992,0.564946575352536,1.30153956217618,0.0184897871472356,3.02239329577821,-0.337109621166928,0.846067738213575,1.11377657832357,2.72876062734438,1.56496985278747,1.42602259113798,2.306399939534,0.287022794246502,1.73681916347876,-0.789104548709971,0.395516644909562,1.10178682624202,1.98499681892072,0.775584716571996,-0.794472762047651,3.51680130102865,1.41071375373668,0.836537961957256,0.713697666341904,0.119994040665985,0.110820057033186,1.18558011849391,1.43625827606442,1,0.882149521851973,1.50797900648488,-0.102228389188899,2.0256040631052,0.777581873156251,-0.166072623996875,1.02355000140312,1.71372308069015,1.28571077421382,"40","One"
0.50277012831181,1,1,1.10549547080484,1.15409671701981,0.345090173995875,0.0868497769244991,1.87661711061873,2.20701161159297,1.5397383774665,2.15643332340897,0.793582582500854,2.46467825766201,-0.926524729042495,1.78436516209028,0.503422374491671,0.0254082328272458,1.53362972849422,3.3324078540736,1.56989154513663,0.813213208536453,1.01668259864298,0.30408332558212,0.863092984623992,1.80935977212548,1.77802727475871,1.47121975883839,1.33496076024671,2.03536690541769,1.29300034575843,0.446060912560452,0.842299983182067,-0.31881234425894,1.32761887243348,1.42155968019961,1.54083423530662,1.18973789088487,1.37052628502503,0.434178121384496,1.22540526562769,2.59452214796649,0.742414502654099,2.1811909052078,0.00437168658159703,0.697557444422669,-0.125249403814424,2.01962108540185,2.49918440477876,1.63071453447457,0.184231683918557,-1.57423242894038,-0.141598636348743,0.851644449956219,1,1.10549547080484,1.15409671701981,0.345090173995875,0.0868497769244991,1.87661711061873,2.20701161159297,1.5397383774665,2.15643332340897,0.793582582500854,"41","One"
0.1,1,1,-0.039561012181438,2.58134250582301,-0.219501315584295,0.882486443099757,-1.09860467698411,0.455807343126873,0.336813102939358,-0.365013888326951,1.64940702025493,1.80933760243615,1.50335868395009,3.15364899359652,2.24301859445686,1.51987104220136,1.35691508274694,-0.0278244321791565,-1.048605052234,0.236425051042929,-0.763050965463898,-1.17259328450528,1.46499836728853,0.32595182293009,1.30354905747897,-0.60401212525822,2.43249863355708,-0.344015448730457,0.213109800116145,0.345577985143245,2.30056097779101,1.05124816288521,0.762159616350172,1.18060763014675,2.01415798503059,1.44584294990157,1.29201431829349,1.88612023263983,0.441646561580321,0.166931129826462,1.29142486821911,-0.438263614085157,1.41304429586849,0.912030953068314,1.87509153121311,0.0108348652310589,2.06451566696608,1.768303374434,-0.907976913353381,1.47462749349325,-1.56157001708451,-0.183778556247667,1,-0.039561012181438,2.58134250582301,-0.219501315584295,0.882486443099757,-1.09860467698411,0.455807343126873,0.336813102939358,-0.365013888326951,1.64940702025493,"42","One"
0.18481511860253,1,1,0.355822724738768,1.16635641258869,0.149497626393186,2.40798746568595,0.504510710788854,0.594012824371349,-0.128656510769933,0.856541973328114,0.955145485092375,1.01146655577926,1.14896348788304,0.852694996725187,1.31896645170795,0.303120348322741,0.207118214554418,1.95670606294067,-0.0888477611347798,1.85370870172958,0.981704335321423,0.777893343055724,1.87207953573459,0.142522201678156,0.908754454097653,0.511617672159897,1.15721055583963,1.84092250864766,0.454498624445147,0.0952939639749385,0.908338736028504,2.28776718404103,1.8372066316089,0.576310964671455,0.0922933483165269,2.25890878630549,1.04303398890455,0.902266828871185,0.231446328450613,-0.694773701586177,2.2956060264535,0.463269890407089,3.51037808058087,-0.187376487528104,0.661091512576843,0.705912968552487,3.65258278582731,0.415170738380808,1.04786678049307,2.31820370694241,1.14029898824644,1.65418222624767,1,0.355822724738768,1.16635641258869,0.149497626393186,2.40798746568595,0.504510710788854,0.594012824371349,-0.128656510769933,0.856541973328114,0.955145485092375,"43","One"
0.184131279395912,1,1,2.49716640910654,1.22722374286866,1.88042303329573,0.259836676133256,1.55453762532449,2.40222545465769,-0.537797174453149,2.8612349586565,2.44211240337872,-0.400395373897136,0.911748080418652,1.95960213575936,0.797837794528122,2.0203791189027,-0.880605101794679,-0.649581463257358,0.232098467802046,-1.38266448914834,1.15750826404418,1.3053213690993,-0.493395053174991,2.64886070520169,1.80042250951265,0.498768932858799,2.16910179371194,3.25457676650301,0.994969539514541,0.478007681554884,-1.14681728912026,2.09217715351514,-0.459370584934304,1.36827258297576,-1.21780473681992,1.8891631808968,0.611071919287267,-0.398298008783877,1.19941116599499,1.3876523247252,1.1280397385145,1.38850560610813,1.75766545667811,0.0246363034850543,1.02714953211518,0.441217256701196,1.03468114237361,0.231382070301101,0.477821106929459,1.80591278087993,1.62117005145618,0.959209183802091,1,2.49716640910654,1.22722374286866,1.88042303329573,0.259836676133256,1.55453762532449,2.40222545465769,-0.537797174453149,2.8612349586565,2.44211240337872,"44","One"
1.87604396076559,1,1,1.79219254351325,2.70475360740763,0.71380524632295,-0.279384834830083,0.0132828977801522,0.73312515216897,-0.17290749269181,0.0230569262414123,0.494246513673554,0.166886890874812,1.43664123977989,0.677318613072303,1.55363496283817,0.132402752141719,0.489915759426753,-0.257158586355889,1.37862371505121,0.924391910672306,0.0588323245833148,1.73696630708911,0.807240799619413,1.91911514476992,1.81642555968612,0.102337686670222,0.922268439191524,1.41246991999577,0.0611062714503426,1.50899418489862,-0.108501202745731,-0.302992215936996,1.85629524002864,0.468273859722345,-0.589894543326898,1.99719060073992,0.671248559276032,1.01380169764397,2.33204764293828,0.64653718983296,1.51492338546991,0.547891414902328,0.562767831113207,3.37461468351347,-0.0767365602256722,1.09399734240609,1.2798965555092,1.07552672733654,0.895805247911952,1.0419183869821,0.43500525698688,1.94045848684235,1,1.79219254351325,2.70475360740763,0.71380524632295,-0.279384834830083,0.0132828977801522,0.73312515216897,-0.17290749269181,0.0230569262414123,0.494246513673554,"45","One"
1.79778982187657,1,1,1.0344447919622,1.86616189427192,1.76067187955393,-0.665123919276053,1.47261206441025,0.400412755657285,2.58782995277525,1.33003505385219,-0.859819283542004,3.06318425446679,1.55251961562967,1.40529193790908,1.95814077221133,1.29363606776204,0.744634396384129,0.759794525683701,0.601130015383004,-0.316918623758668,0.513911189667065,2.50962953659397,-1.17306084402311,2.58794657547469,1.34452789131686,1.04489879959592,1.01625786765988,0.457433789955604,1.69833158730062,1.97620907166807,0.801775705046686,-0.726391832530508,1.20733055312684,0.694720998061056,2.2935241217452,0.627169042065988,-0.742306684396058,2.17590783453347,1.87478968966043,2.11894280042663,1.6553223751238,-0.914344755586203,2.39519339143914,0.848839246417424,0.224531987563126,1.17835062147868,2.05280815997807,1.15573905878173,1.05619306002266,0.674830981997908,2.03745018400959,0.741719593777894,1,1.0344447919622,1.86616189427192,1.76067187955393,-0.665123919276053,1.47261206441025,0.400412755657285,2.58782995277525,1.33003505385219,-0.859819283542004,"46","One"
0.219132539718977,1,1,3.10441514815999,0.707581644770812,0.00597869153255015,0.982789630978597,1.74651430162524,2.30179362259749,0.945378726933015,0.0522978196437986,-0.138108814775026,0.359526272372419,1.56687154167958,0.942103567897631,0.584245317597752,1.36501567783732,0.0370301352691637,0.168014553410742,1.81371672184711,1.14775475700958,2.04512384669859,1.26154174056133,2.37342599563513,2.26970775578039,0.110046105123321,0.716320053123051,1.2407439861471,-1.06812536554304,2.20765367196999,2.33455223306265,0.473189503587228,2.61513712128687,-0.178443373227886,0.637419655866431,0.171364113986242,2.35716790636034,0.715465260922068,0.930223773457648,-0.784249753667067,2.15965945715431,0.0655152776987653,0.555587015749735,0.672108841630376,1.06322668834968,1.05299711943593,0.12795971314614,0.360730035370247,1.20956969513833,1.46857956631976,1.67438238067555,1.0649201252745,1.06474893749728,1,3.10441514815999,0.707581644770812,0.00597869153255015,0.982789630978597,1.74651430162524,2.30179362259749,0.945378726933015,0.0522978196437986,-0.138108814775026,"47","One"
1.13370805862809,1,1,0.943840107302597,2.22027841947568,0.640085097060892,2.12095784285449,-1.5241832881504,0.622293798910703,0.0165726357072846,1.12839683170328,-0.46853815392207,2.47748817503485,1.80866004693338,1.6515431184117,2.53173519934644,2.31789758287981,1.55147634876276,1.14006053877889,0.460748163536405,1.01745341628032,2.57270026783776,1.95988252152114,0.753233965583766,1.01095949216971,0.653892253089184,1.48380903832444,0.874070953947683,2.42995645592626,-0.0213367674291194,0.616482235500492,-0.126133614086737,0.0992981965474468,0.959383305992551,-0.0683076673939473,2.82989770052647,0.42827732581777,2.55687469548831,2.69612569090883,1.36771118531763,2.18421639555495,-0.924996444143439,-0.0098236584554221,0.183033014853748,1.03218333877182,-0.252262233858328,0.233284146437291,1.01115523052258,-0.676332030719321,1.82416572478411,1.91855620375016,1.88277368717185,1.63434607650974,1,0.943840107302597,2.22027841947568,0.640085097060892,2.12095784285449,-1.5241832881504,0.622293798910703,0.0165726357072846,1.12839683170328,-0.46853815392207,"48","One"
1.39544197359458,1,1,1.19623215608049,0.960299317412107,0.515389882945777,0.70967910658421,0.668620537097732,0.363956032909547,0.433454534896978,0.611070669212228,1.36762088025035,-1.3532348642525,2.26075351588911,0.863982662303742,2.10796425772891,-0.42414348285426,1.30753620337812,-0.0743044520626119,0.260140362273565,0.221241027932703,1.191231261101,0.352493330438525,1.26351223355341,1.1071875868164,0.0789460667607242,0.879418264060576,0.0713350288969631,1.13542683215019,0.851256322494842,0.680381521317485,2.94361841843805,0.707350339092866,-0.0570881760275863,0.275025460711665,2.00779023057386,0.152129119028373,1.65747515797576,2.06067399183825,1.03756949900326,2.45170650617481,-0.27944305820147,0.778503312485509,3.23102737908089,1.03253765559962,1.8717137703757,-0.247129977427933,2.17710064677838,1.1447640795127,1.19543305149188,2.43026129478661,2.45786854114185,2.11305490049991,1,1.19623215608049,0.960299317412107,0.515389882945777,0.70967910658421,0.668620537097732,0.363956032909547,0.433454534896978,0.611070669212228,1.36762088025035,"49","One"
0.1,1,1,3.13611076130756,2.801672491233,-0.426152890043041,0.672983107622652,1.14113167486662,-0.474884815699126,0.358063702794179,0.214644568489155,0.250473744266228,2.46963241418056,2.28573971311418,-0.359743752470837,0.248505901106979,0.441682705715689,0.905548368634935,-1.13605466007963,2.72721346836268,0.402484323829724,1.14115976984696,1.03614001535212,1.83117763489488,3.5072811572188,1.37829409183425,1.35604924417687,1.51414601706556,1.29709780082144,3.37204200812686,1.42364017578459,2.2514158871959,-0.232191646547968,0.0785436325740452,-2.00606340041932,1.20288331391029,1.97953755353792,-0.99822831081024,0.649835867154052,0.515937737242195,1.97642865274495,-0.442988602946154,-1.48882167370329,1.23741962231469,2.12403452003934,0.271299309067225,0.775708613352984,1.50678222999966,0.154594635328984,1.00540885863024,0.166622402380926,0.16383429169506,1.10838483429801,1,3.13611076130756,2.801672491233,-0.426152890043041,0.672983107622652,1.14113167486662,-0.474884815699126,0.358063702794179,0.214644568489155,0.250473744266228,"50","One"
0.99711143469839,1,1,2.16861712575844,0.298834242097844,1.2451815881089,1.75844570502395,1.45403537053738,0.273165202681263,0.953944064943211,0.925724715155217,1.5827725838227,1.15686089680022,2.49717819516208,1.11564975293183,1.07621649400153,0.143218918733289,-0.764297687401607,0.845795908726585,0.304518520494,0.450823379373004,0.911941448647709,-0.765579604205311,0.71757597352132,0.154767618517854,0.18794356805523,2.54749245471235,-0.500572318487872,1.6667711184368,0.40369523368162,1.54190269033779,1.67800936109966,0.266625970677551,1.23422012503756,0.746590325293131,-0.981249465928672,0.807219086935196,0.717866503993824,1.1026250464554,4.14344967131674,2.9304222928985,2.58153301673779,1.20730500126501,2.42857719543382,1.95127601109088,1.00111377378708,1.64589279011694,1.41363728267989,0.208609441735439,-1.21185257940756,2.5385919558591,-0.346686608057768,2.68872600884661,1,2.16861712575844,0.298834242097844,1.2451815881089,1.75844570502395,1.45403537053738,0.273165202681263,0.953944064943211,0.925724715155217,1.5827725838227,"51","Two"
32.8252399284218,1,1,0.419012723001831,0.640017861818135,2.28362858105687,-0.0568944121823027,-0.206088760358727,0.384638998850463,0.171252719991534,0.73317464876562,1.89319403710843,2.45435354676531,1.77541647943816,0.951173696719936,0.771084689356516,0.430321909750524,1.94030802053549,0.784155415086518,0.795304353164724,0.745441080254251,1.69271911455529,2.15764019916167,2.20413541057064,0.43849412858537,2.31201040642531,2.50657306550951,1.68641310314177,0.121064685267381,1.14552677983178,1.46495299872124,-0.520861363198306,0.381107312327343,2.72125356453115,2.34524214707347,2.03685848687088,1.36356920524153,0.210899220308512,1.25897072367399,1.45319215405323,1.28588854553467,-0.243387810595034,0.329825728931937,0.636332011672974,2.18579951640249,0.700554102228132,-0.541574673582148,0.458864831899983,1.5826555418205,0.855883249766445,0.242568839411668,3.2497955409585,2.16181460511402,1,0.419012723001831,0.640017861818135,2.28362858105687,-0.0568944121823027,-0.206088760358727,0.384638998850463,0.171252719991534,0.73317464876562,1.89319403710843,"52","Two"
6.48721549659967,0,1,2.63544185040376,-0.127659755485687,0.755531656255,2.51240839886462,0.850244687137424,1.30840177195707,0.324147536670836,2.39898253519604,-0.359262441690582,0.378455837733125,0.906463464479493,1.54036958936388,2.60029271259557,0.986270269632412,1.16376423862,0.452247244122229,2.10576765772985,1.31915675589389,1.63665892638519,1.1318288998728,0.846064696948732,0.672153682092452,-0.846349495681542,1.72428687241496,2.52188960149709,2.45175935759904,0.772886394985306,0.473188879949144,0.417466838233125,0.78178033252468,2.07103238494218,-0.426621476508244,0.142461330795967,-0.426984480626852,1.19306284848762,0.542501018813902,0.982145639292858,0.752897981447116,3.8481279511086,0.373672577824165,1.13918532564684,1.51089487807064,2.44994727844828,0.864333995056991,1.93841765423832,1.15701573537561,0.534624340435054,-0.428432878337887,0.639930362643943,-0.0855195735397021,1,2.63544185040376,-0.127659755485687,0.755531656255,2.51240839886462,0.850244687137424,1.30840177195707,0.324147536670836,2.39898253519604,-0.359262441690582,"53","Two"
1.09569908631541,1,1,0.327998799611662,2.14677799900003,-0.104260141646945,0.178152442671709,1.11159730808604,0.190041888416013,1.37900156427081,1.70986330660486,1.23222324265518,1.98142720126805,1.35844752523075,-1.22286393244525,0.336435958173307,0.906074207545639,1.27904077978147,-0.206203773387354,-0.171913336246466,1.09701349599205,2.25691265465193,0.781058283111805,1.22578605798399,1.91794905265441,2.42553320630204,-0.661427163470181,1.21560612826154,0.440444238480323,0.745986164790877,0.156043119231304,1.16662110960317,2.4772906054903,2.52091328575017,1.21154850334068,0.517850014323093,0.893962135614358,-0.555396743329652,2.22784083358564,0.327946371958272,0.498319362308169,0.23745242394226,0.261785015442684,1.13728034907017,1.5793048282643,1.29117048542976,0.923495224750391,0.727817739989046,2.26293629185786,-0.308249696914604,1.97221081020351,-0.347661870037384,1.1014014503168,1,0.327998799611662,2.14677799900003,-0.104260141646945,0.178152442671709,1.11159730808604,0.190041888416013,1.37900156427081,1.70986330660486,1.23222324265518,"54","Two"
0.128119502984572,1,1,1.58663677117698,1.18811328437565,-0.0710452527090177,-0.971071923330953,1.57038322083323,1.91475695492076,0.471546139139751,1.93122643061617,1.98904122849676,0.843622956803905,0.303147882844664,1.77675388393402,1.5550522553362,0.708275965322134,-0.0760067379403064,0.742100246989029,0.573446582175211,2.11563390816877,-0.0513830153935491,0.962167751598846,1.92624709992613,1.2102747254838,0.0640058064202702,0.247661811994914,2.74172530144788,2.21207255791055,1.61243011982735,0.00240819468167386,1.46942630394164,1.50013218126731,1.65339745550347,1.11906358861569,1.57525241795245,0.316844548292287,-0.869341445376356,0.642944100798023,0.836764450583662,1.85082708880714,0.995300897492262,0.500297011744078,0.673708504040927,2.530218912037,-1.4108682795286,-0.271543398119288,2.92391057603552,-0.164281239786841,0.120055824455681,2.10792084811643,1.96002649355661,3.3971561919709,1,1.58663677117698,1.18811328437565,-0.0710452527090177,-0.971071923330953,1.57038322083323,1.91475695492076,0.471546139139751,1.93122643061617,1.98904122849676,"55","Two"
6.36518674685414,1,1,1.1379092486823,0.503931080967784,1.41607642335966,1.41405464494153,1.25324352370038,1.88848553326692,1.80948690561794,0.967473336666091,1.22183890289683,2.96744953980971,1.33873882514365,0.0625467314755304,2.36477789180373,1.37094383103789,0.472332887525202,1.73331123540454,1.0436036911259,1.01855183868388,0.633149732730428,1.26021643816258,0.536128780377203,0.796198717771402,0.923129330426969,1.60474139596724,1.08402419694221,1.55494906722866,1.94913134815204,1.01369214687236,1.00006324960329,2.36774091803856,-0.0114979781722948,0.914320449334144,0.31147664172735,0.844974663810779,-0.466499248524764,0.583015665332315,0.237664105232412,0.61074307820893,0.0947701685890265,0.874410544886406,2.11206961582138,1.22835185004046,-1.00546662812128,2.57122058113243,0.714229894865165,2.50790015971403,0.230126520901067,1.46497157867825,0.389270312568693,0.922230428461483,1,1.1379092486823,0.503931080967784,1.41607642335966,1.41405464494153,1.25324352370038,1.88848553326692,1.80948690561794,0.967473336666091,1.22183890289683,"56","Two"
19.8076744033339,1,1,1.52246392734172,0.935646995103065,1.36534857949311,-0.565847092053562,1.66127207135383,1.63193244811716,2.23439354346354,1.59230479701275,-0.579148513879625,1.11960339777794,2.14484767550559,1.36836826761966,1.50720099931248,1.76348078063783,0.425987572963186,0.131114185699641,1.45095638529783,-1.29019086787583,-0.487638260419518,1.67031966721887,2.24780620600102,1.41441920139041,0.118395939575129,-0.05825065318197,0.565467215865694,0.847561758140432,1.7416074760738,1.16264535719716,1.12747100720071,0.685614096161821,0.813525188364575,2.31052556995691,1.68737145359553,1.53081275270619,-0.250837587061226,1.46420602629702,1.49950863787978,1.34019032287868,-0.379253900171277,0.229773427604895,0.820647604829762,1.74670410300589,1.32418840001226,2.61731684260444,1.49759537617426,1.93717079575333,0.284261948208551,-0.781023643920424,1.73235816289234,0.122728720865479,1,1.52246392734172,0.935646995103065,1.36534857949311,-0.565847092053562,1.66127207135383,1.63193244811716,2.23439354346354,1.59230479701275,-0.579148513879625,"57","Two"
3.19050384461837,1,1,2.43397058926041,0.570782413022323,1.04687747815396,1.90331843848087,0.172046074370312,1.47959942909925,2.31703808659737,-0.188469034732195,2.61653530282099,0.291192161366414,1.19591821773986,-0.214487290226746,1.68964921375003,1.23983815821861,0.357043360797848,1.83195073563646,1.64010953084306,1.88060659362883,2.89185173458245,2.13843205368053,0.74531342258152,2.18099467735271,-1.0491698828919,0.888425459321944,0.780913311027671,0.798475845189855,1.52785442922404,2.77509421618803,1.23662148488672,1.71510447928857,2.08943700584409,1.36980804356689,1.45717713120506,0.573607083418524,0.363568204371405,2.07433616527955,0.00857475538500785,0.274950725137356,2.45454796564831,2.09207027158109,0.84908878681321,-0.435758874903111,1.62541647029044,0.000802235952072072,0.768667018542499,2.00778855079639,1.67807139172086,1.97957470985625,2.5821485601323,0.517753007754068,1,2.43397058926041,0.570782413022323,1.04687747815396,1.90331843848087,0.172046074370312,1.47959942909925,2.31703808659737,-0.188469034732195,2.61653530282099,"58","Two"
14.6113861997525,1,1,1.73417372932266,1.57246020389173,1.90964789505878,1.94662590283979,2.3004371143253,2.6485329474164,1.82039753263261,0.467736988450131,1.50295701110604,0.504521798558172,1.75811183846277,1.94641859892613,2.0838008249793,0.711194685727092,1.51585347462376,1.1738157621642,0.394397576142172,0.848203166084945,2.38307747118489,0.314475565125995,1.66641941710764,0.861642655917025,1.67724561834161,2.65692736415734,-0.0524811896281752,0.752171615122369,1.95784807948981,3.08691340755698,2.14732765650683,0.576720173197693,0.290630680999611,1.27870803390827,1.20223071589243,1.81544851646977,0.548491334689997,1.61307163644631,0.2641577416411,0.89917528977245,-1.39056768807956,0.388917098127959,2.53053944694411,0.296324311917192,1.96173299711945,0.0179152872587518,-0.116951702546557,0.479709603185715,1.64355977192573,0.415109926127615,0.991880432166622,0.764105402895009,1,1.73417372932266,1.57246020389173,1.90964789505878,1.94662590283979,2.3004371143253,2.6485329474164,1.82039753263261,0.467736988450131,1.50295701110604,"59","Two"
0.1,1,1,0.409199101290214,1.45270043063409,-0.248308049021005,0.298897214295165,2.74864753605417,-1.14292496505285,2.70475896567421,2.19482752299542,1.02207100966062,2.35673051512376,2.14533004912856,-1.02853937317812,0.941361700459456,2.33910904991646,2.18047447354421,0.248761134484576,1.47614400387451,1.59439710320135,1.08333185332769,0.141274716411687,0.274955614115565,-0.0867404745407057,0.56242481397129,0.333327034120381,0.385148066681174,-1.63220300310191,-1.99102621900289,0.881804305043757,1.93996578748061,1.92817735719287,1.67140084810066,1.57816249798363,0.419517536148227,1.42577089650217,0.978816720963236,2.45453422296165,-0.4125885866429,1.27886246144135,1.63912229612398,1.12631996496497,1.76215988521793,-0.0181060170574068,-0.297026056579448,1.12734228182744,1.8633592890098,-0.0485551760834813,0.078792221891792,2.05815186154432,2.4383635757636,-0.207053423888723,1,0.409199101290214,1.45270043063409,-0.248308049021005,0.298897214295165,2.74864753605417,-1.14292496505285,2.70475896567421,2.19482752299542,1.02207100966062,"60","Two"
2.59584062636503,1,1,1.09416902407009,0.434064419363368,-0.122478709617629,0.221383406792193,1.87528438577127,1.58270131361633,1.97302412305202,0.927909177458409,1.5023716148722,2.4998787793664,1.18995744078735,1.35198867006138,1.58599867891194,0.361721665864956,1.06010449537116,1.71955060239098,0.170288532974395,0.531933663154155,0.302839073114246,0.909119403227206,-0.155242072066689,0.640354039417231,2.13305050495925,-0.502178033798034,1.75307028273501,1.03105113983371,-0.463027461048798,-0.298416199950341,0.638803674538672,1.14369659097028,-0.300152866251049,1.11141792104831,2.9442216779639,-0.67291224061554,-0.0325015790051875,0.0634778559515639,0.947607727063264,0.0334111756920814,0.940449830791855,2.41530203059266,1.29227100609325,0.617076715513945,1.69498007601292,2.93912812857351,1.49105161262615,0.0967260772801615,-0.677036568946795,2.71343933054765,1.5513792662886,-0.0738109050853037,1,1.09416902407009,0.434064419363368,-0.122478709617629,0.221383406792193,1.87528438577127,1.58270131361633,1.97302412305202,0.927909177458409,1.5023716148722,"61","Two"
9.40090596506447,1,1,1.75271958014616,2.12915958991308,2.38451423971839,1.29370148504473,-0.649819032410009,0.577909889206582,-0.565691720116276,2.93031532600878,-0.745731587484675,-0.125816251162989,1.62612840537989,0.314775040839249,2.12427296029132,-0.0428704922806973,0.359699936900994,0.223911815268089,1.17119576892562,0.619731078725228,0.847424008985612,0.183712549122072,1.20011329580109,0.104097445332077,0.168906521112865,2.03500388023534,1.18690408269653,0.723147475443679,1.23528721099694,0.506510393308986,0.423946149271842,-0.483294345547979,2.19184775869905,1.00213165116226,1.46241941508251,1.76041640003694,1.15408387636504,2.46315335921408,2.01105449631742,1.43751405461029,2.62997634500024,1.44175497635964,-0.257714092509654,-0.373812661941758,0.626501624708023,1.62213898080203,1.15071239153479,1.37596288005429,-0.0711270929515309,1.15836568521996,0.787099608567841,1.496934781508,1,1.75271958014616,2.12915958991308,2.38451423971839,1.29370148504473,-0.649819032410009,0.577909889206582,-0.565691720116276,2.93031532600878,-0.745731587484675,"62","Two"
3.38276574652441,1,1,0.71935150378772,2.03415988694693,0.0228293762509477,1.31404836521744,-0.996197945987068,-0.595790262938589,1.23616286710197,0.447319287098145,3.3452883536707,0.694392800982519,2.14366797358894,-1.18748154645523,-1.50877888670861,-0.526533940117683,1.05388619452354,1.26883550707297,0.469426058039143,0.78324113246525,1.63329616645893,0.831339962914982,-0.19477500363997,1.81930957435487,-0.835404149796231,0.742571695022919,1.19715555811991,1.45777821612351,2.02092268947913,1.29972538206288,0.523539857185702,1.21423851219957,0.549553884028248,0.2345232539447,0.423457566733453,1.51851043934429,1.50854980890015,2.25935122768711,0.506432462526228,2.79716596456099,0.380082179882451,1.03885276038528,0.499975390408192,0.560629354248458,1.05673189894343,0.772787966593171,1.36900175637957,1.26598352731129,1.57889822645063,2.24839742213199,0.385299192536542,0.875993948128815,1,0.71935150378772,2.03415988694693,0.0228293762509477,1.31404836521744,-0.996197945987068,-0.595790262938589,1.23616286710197,0.447319287098145,3.3452883536707,"63","Two"
7.0372836099339,1,1,0.69109012265729,-0.0939846678699185,2.16807976150163,0.722267314159966,1.86836828405227,-0.340830910276933,1.67871490320689,-0.0713849793374066,2.20167748622282,2.35147657616694,-0.672607318840585,2.20585582309703,0.389913612925801,1.68359836789535,-0.374020827534364,1.78619715060753,2.7333637388694,0.376126506626227,0.33199695445043,-0.0777057234162404,-0.158772608683028,2.49033120727505,1.68096140428083,0.0278593752633668,0.964192772349966,0.877738033643212,0.901962655835406,1.07055344551053,1.41226530445424,0.405116839936961,2.43261637433074,0.456717111372479,0.168070981400113,0.225866511265655,1.37129177604173,1.04485099308518,0.765116443655213,0.0453770960622523,-0.0896543692408516,0.96062499244397,2.1993378978309,1.58887226807417,1.63479036307063,-1.90803687875906,-0.971783765770405,-1.1372828090947,0.0181443569924894,0.156134673943158,1.55507733701864,0.467247214676905,1,0.69109012265729,-0.0939846678699185,2.16807976150163,0.722267314159966,1.86836828405227,-0.340830910276933,1.67871490320689,-0.0713849793374066,2.20167748622282,"64","Two"
8.1681668867075,1,1,2.23642558235763,1.51502822061492,1.63843221351725,-0.383713079169174,0.63459766179282,2.50520945044785,2.37327202322476,0.429995762814332,0.535212113048945,1.44019480137161,3.0408645702812,0.0531675065025929,1.58452258315287,1.26033746309049,1.28844357092954,2.27167907199643,2.13802082127738,2.73073832087693,1.36226788797124,-0.910036499380198,-0.16196543986751,0.99690593777856,2.0691012356232,1.2282081332428,2.02221562787807,0.686780763824383,1.86925648645142,0.691435493802874,2.14857004724695,-0.0731374319114542,0.976693380526395,0.216900762801803,1.08234580562311,2.25718911546907,1.11619492898935,0.0695161604981122,0.7596138702197,0.937269696414873,0.482668431449476,0.384785075437998,-0.525062961270615,1.30636761197574,-0.00785142018243334,1.01453018216051,-0.312762795861921,1.25289766313084,1.06602861474978,1.52318891567008,1.14859302245039,1.96938065528299,1,2.23642558235763,1.51502822061492,1.63843221351725,-0.383713079169174,0.63459766179282,2.50520945044785,2.37327202322476,0.429995762814332,0.535212113048945,"65","Two"
11.7688693876185,1,1,1.94123221608684,-0.80977989363145,1.39776791214274,-0.828988257269779,-0.414159582660827,1.1764295309693,0.0648815951004876,0.718297941419667,0.16818859407154,0.771993042421815,0.874756180201357,1.52575777670796,3.00835074074215,-0.0910568898099418,1.19082218164107,0.717441452837639,0.0512001833605501,0.30880301561254,-1.16545643725788,1.03921114882541,0.199487060421454,2.40202137207628,2.08108639237984,-1.10260625910444,1.79097954348305,-0.611500296199832,0.733780635482564,1.39917860825817,0.597789302058391,0.523370804755949,0.514356907742078,2.5608894917089,2.2178844525459,2.02981989646155,0.459777631262435,2.34754375776745,0.0855854230414923,1.40249998407998,-0.743267363139424,1.03565527955656,2.14226207520013,0.0757925970460043,1.02574822133665,0.70633415013645,1.67262055957756,0.652877354640391,0.123876917060488,2.2547616510355,1.52326356002835,0.92365356256776,1,1.94123221608684,-0.80977989363145,1.39776791214274,-0.828988257269779,-0.414159582660827,1.1764295309693,0.0648815951004876,0.718297941419667,0.16818859407154,"66","Two"
0.285076714155814,1,1,0.474906006746803,0.50610701265502,0.972721435244098,1.00340578675744,2.54321300534218,0.194446715725862,3.01806746613691,1.12105578279152,0.821192170682333,0.284705592003724,-0.273127951000961,0.197617532123559,1.51999140007784,1.78268011495615,0.394630776205918,1.86016717922499,2.12513545607094,-0.378461968435881,1.06172309639328,1.17271823443996,2.04574043928672,0.260570037425047,1.59913507890573,1.8457593458063,1.65503294204251,0.644774204079384,1.16453529592333,0.865086712936297,-0.184725278584373,1.9555166951485,-0.599611638155571,1.06992343785731,0.231277834105369,-0.372866570315006,-0.0372522673236264,1.02021514752769,1.01408990454515,0.239953270928179,2.50863741654136,0.735218732874446,1.75146782703409,1.68173723812518,1.53242838376935,0.970773067010478,1.67536679503837,2.21115327392158,0.496405558548085,0.52752905268898,0.389331163621512,2.20954617367426,1,0.474906006746803,0.50610701265502,0.972721435244098,1.00340578675744,2.54321300534218,0.194446715725862,3.01806746613691,1.12105578279152,0.821192170682333,"67","Two"
5.96339001842659,1,1,0.322428767054276,-0.0477036821175272,1.22754781776249,1.77031167339431,1.20054676679601,2.03877783728896,0.970010809355576,1.99880845097981,1.39983463305278,2.22621973440291,0.474812968265762,0.605865048797439,1.61950109584966,2.34054929048025,0.0368335084687174,-0.207172266237864,2.23990814969317,1.92965905905894,0.365117390775916,0.376566637582236,0.419466724319012,0.904304725048582,-0.0191211157410693,-0.674982790897768,1.48321086545499,1.63192196661099,2.28133890745048,1.37402754585835,0.22287168326279,1.69530012967879,-0.121972998771175,0.567458690218309,0.399964523277317,0.971285159685548,-0.0425866247386104,0.895197441402849,2.24694745846865,2.15841789172193,1.16665274110101,-2.02903127080232,0.177491628070755,2.17124751367464,0.549882217993357,1.37023850858628,0.678999821154011,3.0373523106574,1.86119539630203,0.964685165644686,1.86768492960043,1.36838107400987,1,0.322428767054276,-0.0477036821175272,1.22754781776249,1.77031167339431,1.20054676679601,2.03877783728896,0.970010809355576,1.99880845097981,1.39983463305278,"68","Two"
1.54863389911265,1,1,1.62110970456391,3.39475946685731,0.867131587372149,0.470882573180781,1.24437366187405,1.77826059724224,0.797936856894424,-0.338874918833811,0.62287271635013,1.65512508051508,0.473932020237734,2.45829946430364,0.255868412544004,-0.593069489793905,1.54927852601277,1.05045409689897,-0.19882555989429,0.294979980092043,-0.0539096746092105,0.757444692587745,2.46836034214525,-1.5342012902401,0.135921971117467,-1.66854454285751,-0.244433558240899,1.03265892992164,1.49523343657217,2.13109696061742,1.04336860097968,1.96667155952409,0.0633229615216113,0.297107017251156,0.522822484403053,-0.477521786246015,0.423066321721543,1.66605068220842,2.64557386942275,1.18000844127562,0.961227542843047,0.258581782609755,-0.211070435692943,1.46053790156471,2.28492921054013,0.0666724043638098,2.54886780934508,0.92648605745912,0.375137914306819,1.48631516675895,1.92465285761126,3.25065358784486,1,1.62110970456391,3.39475946685731,0.867131587372149,0.470882573180781,1.24437366187405,1.77826059724224,0.797936856894424,-0.338874918833811,0.62287271635013,"69","Two"
4.70841522108796,1,1,2.4736100915879,0.331738809015359,3.06556257323374,1.5348694638482,2.27836139869803,0.172456762769803,1.42780898596153,1.3015825317746,1.37346541561482,2.1724813687608,-0.402418828374888,0.37016968053452,1.83258800673495,1.24981005052799,1.71382591230404,0.150335340073628,0.131986645448322,1.16442000970906,2.03685348308191,1.53097198278123,-0.333324447808834,0.619873960037282,2.07711283668973,0.460934283335566,3.71336745361073,1.81952735635059,-0.351348926855566,3.40312471114623,0.684545709112358,1.11715673410345,0.695371040012247,-0.125758066106329,-0.527457485286883,2.93992934787229,-0.0393784159524349,1.00246020032971,0.383656667272801,1.78814857108555,0.74759686602969,1.96884947983144,1.37959154764512,0.158146237864916,1.55951652263925,1.36371248947357,-0.48675864856628,0.294281834534233,0.20458826769659,1.70628517324352,0.0277826201523684,2.68949539901953,1,2.4736100915879,0.331738809015359,3.06556257323374,1.5348694638482,2.27836139869803,0.172456762769803,1.42780898596153,1.3015825317746,1.37346541561482,"70","Two"
0.863337990412852,1,1,0.943711613518175,-0.0493208344349576,0.287625888555031,1.47228775085351,3.31219243355076,0.826303073866116,4.01733116438002,1.40481522196782,1.26910479102262,1.27404273504258,1.97963907069889,2.08817332500427,-0.420875160659463,1.90025761252342,1.6668781807037,1.15568931439827,1.69302204771641,2.54493558663129,0.601108837899834,0.837208827016148,1.07366260758373,3.63221823394163,3.43886648303041,1.86910192383159,1.13545540346453,-0.291049392996832,-0.215574317425665,1.02812928922791,0.65269861863753,2.51730253861209,2.55823472321315,1.3675236748865,1.29977014523763,0.680079448344019,0.46643767000592,0.583177491435029,1.05449601176637,0.421504061500419,0.522860537261466,1.23927194163758,0.424346369598314,1.76591344814925,1.10851699180455,1.49083520800734,0.411583910880545,0.249153819038224,0.17919772732059,1.35804549867938,0.311624010028318,1.21009658191309,1,0.943711613518175,-0.0493208344349576,0.287625888555031,1.47228775085351,3.31219243355076,0.826303073866116,4.01733116438002,1.40481522196782,1.26910479102262,"71","Two"
18.3219117562591,1,1,2.1048443351903,1.07993687814143,-0.104066384486917,-0.763427560227132,1.46089670774287,0.351455375127016,2.60520297116832,0.710781852289905,1.78711877222306,2.45729248121355,2.6723576929987,0.510445561755966,0.60201127453217,-0.792194362919396,-0.218878465101919,1.66408186613258,-0.164621579477224,0.0152821054072316,0.766731649550108,1.62815577639635,1.22177527849086,0.61830236422794,-0.055015591135325,-0.504819238859429,1.15561939888828,-0.170149138838695,1.24981825912148,2.32817814909555,-0.27197860131998,0.364222189403487,0.475458854200557,1.1019922513234,1.51306428065566,-0.637784805189118,0.668281957272112,-1.01658476225041,0.53088403514719,1.01299025699236,0.934952860475278,0.236930419339408,-1.02473632252989,-0.696871945031808,1.95022208563661,1.7683090753803,0.651221659924195,1.57258739735076,1.30990873820485,0.631715267824406,0.861202578732495,0.459821455920426,1,2.1048443351903,1.07993687814143,-0.104066384486917,-0.763427560227132,1.46089670774287,0.351455375127016,2.60520297116832,0.710781852289905,1.78711877222306,"72","Two"
18.6653171187891,1,1,1.47770499266417,0.255810137351176,0.77241171803773,3.92429141097915,2.27860990796031,1.53876057220667,2.3931105258501,2.64145187112219,-0.63127501178947,0.699083190736138,0.691767518538002,-0.289091888052006,0.539514348145665,3.41113542604222,1.28920760044845,1.45251173323709,-0.544231248574682,1.25538537968209,2.13350224673037,0.734588897671086,0.609672776119524,0.500017675713847,1.4560695390082,0.726651990935384,1.28050370977848,-0.329328526389752,0.977287869555513,0.609556402530056,1.41212868973357,2.37018968230261,0.53204828486188,-0.909491160646785,1.31572912512259,1.41023693622862,1.6374087068097,1.86732379384166,0.328146780256194,2.63163685714906,0.370078015289403,1.63092627341828,1.57050029310949,0.602386147570511,1.42656131784388,-0.455867739892768,2.83930735389535,2.00920677568151,0.886971753464291,1.05190407502721,0.655720662213901,0.796994700677269,1,1.47770499266417,0.255810137351176,0.77241171803773,3.92429141097915,2.27860990796031,1.53876057220667,2.3931105258501,2.64145187112219,-0.63127501178947,"73","Two"
2.22673257479891,1,1,0.742233970618344,1.97508692427667,1.46983360977184,0.671441794222545,2.90249106422424,1.51483821194551,3.23070854037579,0.406919578104511,1.72290001293006,0.677816122566259,1.19646228874653,-0.894308710535792,-0.189444641252878,1.95637808283398,2.06390602389737,1.06189695219947,1.47587024837906,1.63191554986078,0.328715079741559,1.41527676231028,-1.2447055991984,2.80546959220038,3.6708813818414,1.18160898693122,-0.599761208981272,0.456987059863191,1.86644811876144,-0.846560823503414,0.876431814897726,1.61135355485102,-0.445685566966084,0.379068702483108,0.569014450057204,-0.103643066529633,-0.00370263375032276,0.412307725323823,1.53609344125089,1.04369210617711,2.75437544041135,0.430130384621118,2.08863806878227,0.919115026103112,0.740940750020255,0.625808454662315,1.94320839516039,0.0955676267452147,2.01129998002348,2.03322567134457,-0.106425065639934,1.36580021923105,1,0.742233970618344,1.97508692427667,1.46983360977184,0.671441794222545,2.90249106422424,1.51483821194551,3.23070854037579,0.406919578104511,1.72290001293006,"74","Two"
2.70369321349756,1,1,0.352096400269514,3.13204789675527,0.0349624407101861,0.0807325992194331,2.06333800370506,0.214603567202414,0.566035769598359,1.19653217978888,2.05782140524141,1.30508540970535,1.19002816200005,0.897419652110203,1.57006267418143,1.16598403532079,-0.434801202829592,3.0663118389236,2.56519993680593,1.90140139582042,1.93853303874538,0.715871483453568,2.17156522935322,0.0787365844347679,1.97697683855227,-0.0304883952079056,0.803656401190099,-0.360258350391222,0.0824566384637268,0.305862464181212,0.254138942134613,-0.0024529517016858,3.31078558893437,1.92324669467071,2.90896261484596,2.69445692072037,0.508359111660295,2.51869807442836,2.98980942986718,0.70397117828643,0.497373656320074,3.0716309038458,0.140929178684676,2.33755013149836,1.90337356131541,0.235229024665028,1.3165011594539,0.560514788328133,2.51870157500996,1.73919530984126,2.79313313047037,1.48003650043095,1,0.352096400269514,3.13204789675527,0.0349624407101861,0.0807325992194331,2.06333800370506,0.214603567202414,0.566035769598359,1.19653217978888,2.05782140524141,"75","Two"
11.4247297440962,1,1,0.737715845761974,2.00519375694424,1.34566273003063,1.52939654831016,1.15778361690857,0.53753492201715,-0.336354861653026,0.548236397976501,0.846476737165993,1.78486642187906,1.69341695833175,3.16476506626211,1.41941448667641,1.03614233345528,1.85858541492332,-0.849876573327967,0.708138490233922,-1.23414323139251,1.25798302650014,0.217306871015981,0.335760504644347,0.47264343935183,1.24781362294847,2.05119383266006,0.0500760875438746,0.308063450426628,0.817973640090499,0.836558452628509,0.659820376135591,1.91186816454465,1.46977194665141,1.2715352709592,1.79821369333071,0.472519294658155,0.476200428319864,1.52196845637799,-0.73232940897413,0.155917205864441,0.0723399481133472,0.501018499659239,2.58858608069393,0.102369299928496,-0.228263441137722,1.24537479444422,0.886659408415656,1.146397877219,0.665272901043431,-0.325537913623043,1.00307664867681,0.441209005065589,1,0.737715845761974,2.00519375694424,1.34566273003063,1.52939654831016,1.15778361690857,0.53753492201715,-0.336354861653026,0.548236397976501,0.846476737165993,"76","Two"
3.9199658319064,1,1,0.978268142266811,2.27265991165938,1.00667556009269,0.924829351326794,0.600477701998726,1.66631186764391,0.880171578781707,1.57678457286237,2.89871122831704,0.338304228002104,-0.373765239009907,0.462587999173822,1.26228440783812,1.32211048535834,1.51688972746039,0.536981506532682,2.48229203834648,0.858621364415473,0.213975582261842,0.64087419933876,0.462616882978121,0.369361780211735,1.61367617038081,-0.584985452617137,0.879376459726996,0.800207300774099,0.69131540566931,1.87024141484669,2.01009464478702,0.295171559281844,1.87493017167614,1.18378655687856,1.11389408803783,3.65256600218527,2.14011730804078,2.47941197665822,1.48659496384504,0.35894358038771,1.92110097812163,-0.195502743188303,-0.339614123776559,1.24920092702104,2.48483292416674,0.255079153300691,0.99967781797222,-0.889944196419715,2.25553103473012,1.64316042329066,1.48374769616178,1.38721495787718,1,0.978268142266811,2.27265991165938,1.00667556009269,0.924829351326794,0.600477701998726,1.66631186764391,0.880171578781707,1.57678457286237,2.89871122831704,"77","Two"
7.68356643386691,1,1,2.25862311739545,0.0822178024952873,1.98966481903869,1.09632026908703,0.437424100398651,1.90849522863778,0.649932422288624,1.79630022801612,0.716483533275262,0.812936330618881,-0.371617353114649,2.43461137729481,3.48942580470823,0.446763447443875,1.46689710651234,0.211127813190735,1.22831939458915,-0.0324450226635031,2.38512667628456,2.3078702763287,-0.520964899993034,-2.02576181489827,3.12025352369043,0.194390898516499,0.0771210586009463,1.6375837501577,0.196541247216413,-0.0753657520094904,-0.0500760965487368,0.214288920937434,0.94934480918302,0.000788392450242092,0.96289297541401,1.83824553369551,2.38629892082643,0.0158052824673592,3.26514408753438,1.5748522187953,0.942173578228361,2.17107627016806,-1.34995104076343,-0.589893986086683,1.81417860836765,0.468403837546224,0.0322094484197446,1.56197927957874,1.29645559824823,-0.47621861789608,2.65649908948046,1.96684221274748,1,2.25862311739545,0.0822178024952873,1.98966481903869,1.09632026908703,0.437424100398651,1.90849522863778,0.649932422288624,1.79630022801612,0.716483533275262,"78","Two"
1.90981507556384,1,1,2.05064128473481,-0.0252889314149949,0.12313409654661,0.848544378967396,2.66301181028524,0.831932589907296,1.38232469635209,0.601930072399204,1.98980910906523,2.21411724772256,1.65079585621329,1.37696827531887,0.575512776744464,2.30599139516169,2.33438925852652,3.33846373219826,-0.110276917373148,0.101671427236061,-0.00547499196124446,1.17650433622036,1.49630408481557,-0.142029929781377,-0.596364269085771,-0.763027990097559,1.66749666655867,1.15766398921315,1.0110255274598,0.408527242967542,0.8490302206578,-0.460219230262387,-0.0787526585254865,0.53767801637354,1.80459283177117,0.507991680557297,-0.58027825988963,2.72187970581843,2.44875088241472,2.17046569130115,2.16524952879161,-0.302698456073741,0.951577563990228,-1.35659811777811,0.989321581187582,1.58976318188138,1.69829113406453,0.417015492052481,0.102761622607593,1.85458720830232,-0.0270119546197878,0.766601899521047,1,2.05064128473481,-0.0252889314149949,0.12313409654661,0.848544378967396,2.66301181028524,0.831932589907296,1.38232469635209,0.601930072399204,1.98980910906523,"79","Two"
0.165708914569482,1,1,-0.113620158171831,0.992219962375489,1.17541271444009,0.552062140199495,1.9406069513192,-0.80884111252747,2.96851544156732,0.672666247945158,-0.139339085917909,-0.118337112471539,-1.24643172149736,0.753567602861874,1.19492278700723,1.28922707387122,1.59113832596901,0.149695736154515,2.30899886897891,0.657423587007936,-0.0356511598628075,0.929040887715224,0.901597663696132,0.0728501765858545,1.46594133495058,0.619755847686995,-0.181395108080218,0.580884250786824,-0.508913358164292,0.665778464867009,0.225381109758922,-0.00466030118587923,1.22093615485574,1.85677300532334,1.84866732852835,0.18078068507374,1.21624794039433,1.41962723307718,0.661349479101247,1.66557081041662,-0.994994694348531,-0.32465290280112,1.49981086259978,2.125513465678,1.96262810170244,-0.2938330123079,1.88205348076588,1.25074247098661,1.59169989938973,0.0561061345323146,0.54052467761211,1.68542280562619,1,-0.113620158171831,0.992219962375489,1.17541271444009,0.552062140199495,1.9406069513192,-0.80884111252747,2.96851544156732,0.672666247945158,-0.139339085917909,"80","Two"
2.21681038470186,1,1,1.36756985067051,0.0769946943925301,0.40640259054772,1.98437705109123,0.4326903732063,2.43488052950229,2.16150835634341,-1.45639239209481,1.20509533422695,-0.867165340197554,1.87973685340556,3.51258913503785,0.84712530068249,2.54678782229823,1.22576470254526,1.28924150262213,0.83425394629257,0.568812291713638,0.916932325515419,0.0453852689944124,1.51943846451494,-0.813845004738576,0.792701838954669,2.84616201548973,-0.409071791773106,0.866357379475089,0.272313417828066,-0.991644917975376,0.965744887577493,0.779241711253591,2.01516110987811,0.993180426912913,0.263416177920395,1.15182617528345,3.09644473927144,0.47911645199925,1.01624707137551,-0.556179639737205,-0.0481663343253558,0.661865027549864,1.37755185062432,0.528454612682682,1.76843953117845,0.567198108233341,0.142811193076238,1.03164747215469,0.38436967967027,1.31623390860197,0.223171414362195,0.989038373245284,1,1.36756985067051,0.0769946943925301,0.40640259054772,1.98437705109123,0.4326903732063,2.43488052950229,2.16150835634341,-1.45639239209481,1.20509533422695,"81","Two"
3.58547645154397,1,1,0.574122417472756,1.15975901512303,1.24419378175038,-0.824908851931544,0.977020365930227,0.35083956825237,1.1232732989629,1.64607898147003,1.07090830534318,0.849577268131121,2.63819786244903,1.436131615691,1.43086012497298,0.420414119781118,1.84684436460713,1.30589677831964,2.6524758004544,-0.42313446014708,1.31654623560676,2.0823766082394,0.152842986968053,0.212071224873409,1.67203156732018,0.975076750622009,3.03565336990319,0.41516417179057,2.5722676808821,-0.298584070439414,2.83105356056676,1.79742736192018,-0.0361341018434498,0.27661299161848,0.804083458081939,1.16273645996945,2.94453134657026,-0.831970195297367,0.763017226636195,1.57526597236764,0.47710159402185,1.97729426945715,-0.263440447104264,1.05264138996691,2.14785845131878,2.87785006261487,1.04301206805765,-0.125259727641853,0.0655778776021257,0.819321092228724,0.572004132834222,1.27415036240395,1,0.574122417472756,1.15975901512303,1.24419378175038,-0.824908851931544,0.977020365930227,0.35083956825237,1.1232732989629,1.64607898147003,1.07090830534318,"82","Two"
2.99043093522285,1,1,3.03994111214074,1.23537425966418,-0.804887076420016,0.207250678236509,0.254551903594929,0.469675121759711,-0.579024275612969,0.0911248714424678,1.37311273670533,0.26416509425606,1.34390876059444,-0.0386555195169154,0.233446836798891,-1.8197612949253,1.08978250226179,0.0476838953152882,1.4680724546104,-0.287799993213285,0.460089275210099,1.00645299006638,-0.564873365378924,2.28516527814809,0.831896799784558,0.0359447147566598,-0.801114620886877,1.58350139551984,0.313934123068384,1.01943839837276,1.98866162248436,-1.26279104085007,-0.775716347957358,1.39570180209258,-1.20770864586489,0.526216443868395,0.568185279156214,1.95784273924974,1.55009762570889,1.59213832206624,2.18601128143107,2.77606761512286,1.16775746894959,1.89879687661586,1.89626605859221,0.751573004485374,0.906757118921005,3.29228158896145,2.36908178386134,-0.0659612985861084,1.64437227007349,0.7387875078665,1,3.03994111214074,1.23537425966418,-0.804887076420016,0.207250678236509,0.254551903594929,0.469675121759711,-0.579024275612969,0.0911248714424678,1.37311273670533,"83","Two"
3.29221785119845,1,1,0.381393497448793,3.26911472458264,-0.206047311701961,1.25244319959381,3.31476534270663,2.65261705838014,-0.00115837772161997,-0.372179674917476,1.18737534480013,1.64531185346518,1.00034946271447,2.66352823644518,-0.0460375155054344,0.385150401303947,1.47196638694868,0.0216740751336731,-1.73237341331182,2.02250705848757,0.937066805220471,0.734184149553895,-0.322642458464454,2.01685904660481,-1.45449104584049,0.137632994132005,2.28703886166272,1.43145154362906,1.55894306855718,2.08566904595741,1.73767756508098,1.96072072816995,0.734357884851348,-0.485700582113794,2.31248728555324,0.988327066925108,0.322521807151581,2.86164649568595,2.06694437151623,-0.602463612180604,-0.172384136901498,2.45535615466905,1.29761392142475,1.06775365317448,-1.43948846522056,0.171214765765534,0.950210662765723,1.00156489940747,2.06030451161359,1.93490726947061,0.990584050988775,0.940120769015751,1,0.381393497448793,3.26911472458264,-0.206047311701961,1.25244319959381,3.31476534270663,2.65261705838014,-0.00115837772161997,-0.372179674917476,1.18737534480013,"84","Two"
1.1028208430081,1,1,-0.128059473902298,0.985724916212224,2.48031743842423,1.68872878840712,0.956836655142708,0.2264261565455,1.61377585075302,1.81593977583735,-0.376717916555565,1.20903457867821,1.36470744800273,1.01702943110726,0.567527939694143,-0.19424159402663,1.6787101371038,2.41650656069138,0.0518574267264538,1.54835749278074,2.22295276198154,1.41512025453127,2.51501934826215,1.30945868984629,1.0149182498943,2.64955554633516,1.01303022805099,0.971087284611808,1.45599462647766,1.16747143064949,1.04759680489826,2.24824228687037,1.9179100760801,0.765458442610648,0.747745257756637,3.43258450972145,0.983899562270874,-0.987378056563571,0.650300194376363,-0.903967184253792,1.851747260033,1.70498176595699,0.870359149286373,0.99919924747339,1.87207083924756,1.25511029139189,0.312438434681307,2.00162149469765,1.9837602983293,0.617576993740759,2.34216036351512,1.12944136638779,1,-0.128059473902298,0.985724916212224,2.48031743842423,1.68872878840712,0.956836655142708,0.2264261565455,1.61377585075302,1.81593977583735,-0.376717916555565,"85","Two"
0.879987120797454,1,1,-0.511437205427403,1.27470516097192,0.334172115177003,0.69908398816754,1.61289626283318,-0.467379247133921,2.41750331235901,-0.435247902938939,0.305587929371238,0.504810927630059,0.848399330349724,-0.148189388357206,0.355824399726531,0.797137956215006,1.29267625109383,2.20457618094451,3.68546064355185,0.61280307649793,0.422902163935296,3.32169883756084,0.24809718532324,0.426959984272563,2.84486049068524,-0.0288099802085282,0.245231129673091,0.387785952522824,-0.609251793026918,0.196637621539593,-0.488047954512137,-0.991220247992377,0.0618564104918629,0.506370136781925,0.299275955686389,-0.388720315450448,0.0382724133667883,3.44229668956505,1.99140271793623,-0.26308588321112,1.48471909304585,1.35390233718363,2.62448215697885,0.903883422178727,1.68551035585407,1.46487231085505,0.410228893231649,1.35943212784449,2.22668713741449,0.596850251343391,1.4596818263057,-0.0869883159758256,1,-0.511437205427403,1.27470516097192,0.334172115177003,0.69908398816754,1.61289626283318,-0.467379247133921,2.41750331235901,-0.435247902938939,0.305587929371238,"86","Two"
0.121195880055165,1,1,0.113595928941639,1.01867569763515,0.768073735310163,-0.904610659405707,0.20731052949536,-1.51279088389539,-0.0800755871281442,2.05590046062117,1.07495141120994,0.77055955188656,1.67434141829221,1.50917165842855,2.21746261420184,1.54040499096721,1.3084869606451,0.60911396595193,0.435589472879302,0.631004690753377,-0.975754971625921,0.770121642731791,1.73699971043314,-0.269016369898178,-0.517118755246455,1.47149149478443,1.81828346024102,1.12995637611686,-0.992392269027276,0.0212254194610096,0.0317528740026327,1.06737591932061,0.98759772183331,-0.44765113397955,0.717069107295032,0.966268735833674,2.12367758641115,0.406848536647113,1.10390811040307,0.0248659242946506,3.66635778011282,1.80825658548599,0.743832138661286,0.623175993008628,0.532258647693482,0.411578871733444,2.04822818422,2.83251257444859,-0.333136140466538,-0.184524531783934,2.41956174822299,3.13583741891078,1,0.113595928941639,1.01867569763515,0.768073735310163,-0.904610659405707,0.20731052949536,-1.51279088389539,-0.0800755871281442,2.05590046062117,1.07495141120994,"87","Two"
0.574155439945448,1,1,0.466329409933261,1.19743361705944,0.509666043176159,0.86913044611245,0.764614971997415,0.403131082434769,1.64714531352019,0.308479829545032,-0.577864928423446,2.33513421150035,2.54725335733742,1.35197618535317,0.722840925937434,1.00269679254708,1.51511224636983,-0.171517672786336,0.935184278350047,1.25191057817626,-0.196740126691429,0.343782570173199,3.36583089708088,1.28906626431168,1.44120805391533,1.3391509139832,0.041656165690264,1.5921538491259,1.6155821718111,0.303249760116579,1.11930382155145,2.37399526940563,1.32079068678445,2.43566244718429,-0.883734151967344,0.469724143713006,1.32337597686,2.07122785740352,0.72144027220504,-0.542930387889345,0.909794820973567,0.498692465307227,1.96186405493704,0.278054233877348,3.68008859203407,1.2534091113985,0.643039917832347,1.77491511093371,1.3604987238059,4.31594738888042,1.95345665195551,-0.466784239111428,1,0.466329409933261,1.19743361705944,0.509666043176159,0.86913044611245,0.764614971997415,0.403131082434769,1.64714531352019,0.308479829545032,-0.577864928423446,"88","Two"
2.1217993270722,1,1,1.45800295958937,0.473274717778182,2.80012016870745,0.405463276732781,1.48310882730691,2.00676380313343,2.56044758560235,0.84949273581649,0.844407466621709,-0.284880725312185,2.55522737229033,-0.928763937270595,2.54954401038194,1.51668346356797,-0.732285626078307,1.49723057056123,0.217486660304243,0.199578350901993,0.292145312985191,1.23403843449553,0.422419438233205,-0.540817699774564,1.65845238394943,1.23405431418766,2.30154261007621,1.74782822678638,1.61366479556883,0.534353328960483,1.75857734978103,1.6985290985597,0.594642933184816,1.78823539342516,0.774802217280498,1.28750673044174,-0.562858020775805,0.05718488943962,-0.00454116461000242,-1.13598843687815,0.422850363634778,2.41178678760152,0.734674132263166,-0.197129256031035,0.283071551321029,1.03734189997449,0.910003336934285,1.7116012599312,1.92824189668052,0.576466331438728,1.6336960137859,1.85223766301025,1,1.45800295958937,0.473274717778182,2.80012016870745,0.405463276732781,1.48310882730691,2.00676380313343,2.56044758560235,0.84949273581649,0.844407466621709,"89","Two"
15.8858709248827,1,1,2.01241094051464,0.343098270906782,0.40683650935156,-0.00367171777051323,2.31220997278184,0.60074867794711,1.60506898552634,1.90515768095152,2.75269259389642,0.8095585540363,0.397775971427593,0.348619549847263,0.212743352978889,1.64459245073154,0.707564495679961,-0.91976659518909,0.231772819575296,2.09849462160133,0.761213746264396,0.0990906611469582,0.0272529788363399,1.18045821101532,2.27373724182788,2.34707124024101,0.813469155250038,2.76653161608501,0.881928656765798,1.17700553638578,0.763748796716309,-0.33376666950454,2.14147071646681,-0.153330348346168,1.85670003858464,0.748155050848432,0.481818827098984,2.96023385983645,1.87104262791644,1.2225768762761,0.567292248787885,0.572090686592839,1.13951947214578,2.49957797045207,2.84776593583607,0.745256189733425,0.222906604077473,-0.353491209769349,0.871232019452516,0.668608908882471,-0.429879101134566,1.93118385843125,1,2.01241094051464,0.343098270906782,0.40683650935156,-0.00367171777051323,2.31220997278184,0.60074867794711,1.60506898552634,1.90515768095152,2.75269259389642,"90","Two"
28.2538922267555,1,1,0.990151620111871,3.45862775167595,2.01223218510773,-0.346997192731949,-0.0514058323383577,2.10065275592339,-0.50335150157881,1.97303876027629,2.4945728236316,2.04932619141615,2.41338822933162,-1.8110532119793,1.28634724238699,-0.511649417826281,0.754174651455325,1.80354762309293,0.237658847913154,0.188015139550817,-0.349704071881296,2.28132557521719,1.3627636387902,0.0750313286950847,-0.149871938894971,1.41487702380336,0.719286598759249,1.17956833845182,2.83886685802321,3.38376773219074,1.22542532293704,1.00793290628131,0.127600247720998,2.38425201057857,-0.518973766941317,0.105029318672043,1.23839308849581,1.07628539066883,2.27401683246958,0.912577110419755,0.749265772246077,0.436763477047988,2.00027408693563,-0.0403313793288584,2.27671850019852,1.15728658736091,1.56397826913776,3.4079282296424,0.255589389544955,0.796631578771535,2.90715216773318,2.46515931534708,1,0.990151620111871,3.45862775167595,2.01223218510773,-0.346997192731949,-0.0514058323383577,2.10065275592339,-0.50335150157881,1.97303876027629,2.4945728236316,"91","Two"
3.24184453718409,1,1,2.06114044636626,0.411762638322124,1.56511684308767,1.90842402006898,1.74720840524733,0.479138787870206,-0.547147302404698,0.545839841448572,0.169282789583261,0.0732618392028526,2.05083208846505,1.44254268820847,2.31300117747523,1.77430746137995,0.392432225555688,1.65755554845375,0.781610086958467,-0.195925513447813,0.980492539720398,-1.55926486991102,1.01467279433737,0.646230288416016,0.207615576014595,1.30559988284681,2.43830533987127,1.43413073493133,1.85300181848839,0.969079075232861,-0.130640793664311,0.855829346614429,1.15204113552184,0.732695313147002,1.61059703176859,0.340325214131147,1.04593389633965,1.08097077663442,1.04464505500877,1.05611819837382,1.1090376009583,0.55758113074042,0.594042848147636,-0.522021636323834,-0.506791072468747,1.0688894173845,0.268103774232089,-0.0739156847830484,-0.396013958413585,0.65003783558129,0.559226273941998,0.513471456245465,1,2.06114044636626,0.411762638322124,1.56511684308767,1.90842402006898,1.74720840524733,0.479138787870206,-0.547147302404698,0.545839841448572,0.169282789583261,"92","Two"
0.603661382210708,1,1,2.48109701005495,2.9452019849322,-0.157192472854937,0.297424803253196,2.30437068254015,0.802260227410104,0.183783355084626,0.574552119696291,0.902427751694023,1.193374807997,1.96059517149744,1.14539145313907,0.458110180473235,1.83115013337763,1.69809120173625,2.82369147173819,1.97805913105266,-0.500314385388467,1.87023122219629,1.46948719040475,1.29221470173377,2.07595399595826,2.50550369360241,1.3806565693604,2.23065155385589,1.75366180014291,1.62649765267169,0.110274402135633,-0.88644916697452,-0.86047209479589,1.46374423039657,1.65264124780485,1.27967572506415,1.29746408012173,2.17120164599199,1.8090899354903,-0.386251076707048,0.396288744883354,0.434822320185008,0.390458018179784,1.91508937363401,2.05519741753323,3.07790971642363,1.30205088070139,2.44520008208526,1.34806845707332,1.61188257137573,1.53893968492769,0.731344114809772,1.26553554105248,1,2.48109701005495,2.9452019849322,-0.157192472854937,0.297424803253196,2.30437068254015,0.802260227410104,0.183783355084626,0.574552119696291,0.902427751694023,"93","Two"
0.184119269775946,1,1,1.15704159472636,3.72619500567055,0.365190313451832,-0.539647416727996,2.58079160074184,-0.0519583942586377,0.251973938971611,-0.430732902211051,0.648297863370985,0.247687534723075,-0.55160138935377,1.55707530646772,0.698970252554129,2.69607501452883,2.62919384311979,1.01653073836666,2.31399730165418,1.06618762028107,-0.703877284595491,2.14234334280225,1.81878716157678,3.57213538455187,0.94611968544811,0.448082538703962,1.53937890719404,0.64310974862495,-0.297728971799187,1.60950366360857,0.784639148896582,2.02612865656126,0.626204727799252,0.262057032404871,0.535955393595035,2.7253293873546,0.0940918089280469,0.25177399671042,1.97308376761745,0.600003909130284,0.406405478817494,0.76945524597,0.4767166540152,3.00354396953845,0.727786659224327,1.48465910631514,-0.195270663059307,2.14521276098868,1.89090140980145,0.172255924512261,1.09001608266514,-0.948066885909685,1,1.15704159472636,3.72619500567055,0.365190313451832,-0.539647416727996,2.58079160074184,-0.0519583942586377,0.251973938971611,-0.430732902211051,0.648297863370985,"94","Two"
0.322054413705669,1,1,0.175490546915002,2.28236647191759,0.694082789999635,0.0373682815406966,1.64064730693942,0.604920697240364,1.22548996692325,1.4071582043508,1.94767423012471,1.52578830665194,0.264450033048967,3.51017529972946,2.92669783341761,1.52437896575168,1.66789691222497,1.5753419079781,-0.587991664439647,2.31593293100407,0.0549552132674945,2.0154008179679,1.08627047028595,0.179063431112933,0.894812074012263,0.775370926773926,1.04350632470514,1.00374232872486,2.19754883382081,1.04989529874489,2.76442256658772,1.86072227615179,0.714165675259189,0.369287103120117,1.43920633914969,1.43787637150388,0.463485182673308,2.28028151599857,1.70624165712833,1.37735025152425,2.10957739220553,0.637722140535988,0.813404734774553,-0.564184631345414,0.462722273179037,0.00936835751380716,0.534618228853467,-1.1725710397514,1.94405820318535,1.49439632599012,1.09072064594173,1.4414568436707,1,0.175490546915002,2.28236647191759,0.694082789999635,0.0373682815406966,1.64064730693942,0.604920697240364,1.22548996692325,1.4071582043508,1.94767423012471,"95","Two"
4.3666582095454,1,1,1.13933713943062,1.14754665811792,0.371848966514236,0.415684958354706,-0.101704912808074,2.79642368475032,2.17308079681991,2.90277126012286,0.724925724906306,-0.119382542149065,1.92918168001116,3.1299897703421,1.62664366815003,0.044866390931,0.610188551093624,0.794842931780723,1.60941118863486,-0.198256402669484,0.663706515958806,0.140849485890756,-0.0290862753733898,1.58397107432002,1.28938781404797,0.699709807604388,1.78525447828706,1.92897731985874,0.0888671949648907,1.68293339360783,0.919647020964723,1.15801359256357,2.76646425522656,0.650183591524821,2.13229511822711,2.26999357169561,1.34965720279808,0.0435636196959236,2.04877143099312,-0.164566610325021,1.93799993183047,0.84453632234404,0.510360302352735,0.551013213330902,1.37285441107101,0.839780398021334,1.82726407911608,1.36777898936732,0.945816847852761,-0.588804063693463,-0.316881228134266,1.48652823366094,1,1.13933713943062,1.14754665811792,0.371848966514236,0.415684958354706,-0.101704912808074,2.79642368475032,2.17308079681991,2.90277126012286,0.724925724906306,"96","Two"
0.660882598016745,1,1,1.79243114151871,-0.17089928032945,-0.72482003447586,1.3138397588659,0.860038503889593,1.4437905895119,0.131075237649424,2.05662767046931,1.26424629722942,1.14186505650185,1.80376076289018,0.698005786765898,1.82876273171412,-1.41417273122469,0.628557567411321,2.27613066437343,-0.805075568115676,0.679420849772995,0.309772863986873,1.09882786788444,-0.468649927683522,1.67077148174379,0.907232483859771,1.43772782582625,0.723568380417921,1.6702280600894,1.73707039991708,0.494481119206258,2.2735913218494,1.18744430992916,1.53801798574588,0.231208281040357,2.22616120903871,0.897722172017144,1.87503651399936,3.0584371858363,-0.0764649095746672,0.776463029905621,0.363958503548076,0.0714487963594709,1.48140561836309,1.86991459917703,1.08578570869932,1.24268017986865,1.78985050977977,-0.252111608119052,2.21673369861576,2.36625430194165,1.89673743422406,-0.473802491399065,1,1.79243114151871,-0.17089928032945,-0.72482003447586,1.3138397588659,0.860038503889593,1.4437905895119,0.131075237649424,2.05662767046931,1.26424629722942,"97","Two"
3.05278573465551,1,1,0.250544315099355,1.59189206327587,1.24884196128432,2.14359789503872,2.99154010428131,-0.6810423221486,1.7041474374611,0.723377461379434,1.29138925254172,1.44724750248107,1.98599080015526,1.61325051451191,0.70697775482087,1.48430633016484,-0.0561856950307029,0.870350180471352,0.928652910030922,0.360034810810793,0.270039578014687,0.383897659206699,-0.649816835840595,0.322000001336517,-2.02537642777972,-0.120213005648765,2.5009004007638,1.69788413306798,1.62562567502919,-0.45369233139511,0.230608847758626,1.96205008166198,0.0414398078415095,1.90148807510929,1.319885929637,0.910652607264662,0.486539134925135,1.47159115748447,0.468418220903048,-0.320645929608403,1.60916970860172,0.344471632419339,-1.66119185530438,1.93003729165459,1.27327595732672,0.908095919608629,0.242677860722022,0.504846147525998,-1.11087489515331,0.807692835821479,1.73950954089944,-0.307138457273453,1,0.250544315099355,1.59189206327587,1.24884196128432,2.14359789503872,2.99154010428131,-0.6810423221486,1.7041474374611,0.723377461379434,1.29138925254172,"98","Two"
1.23401331380463,1,1,0.0930524716101611,2.4470975104685,0.264714707484527,-0.423061810977406,1.39207155417715,0.362225287729051,2.10784446053258,1.34914661937005,1.59431135956162,-0.746543867821617,1.081395988925,-1.13472979266951,-0.495157291448235,1.61813892828398,2.12737102865086,2.16345723267612,-0.498166547712601,2.6137555842679,0.477955389625296,1.2453324727097,-0.508743235889884,2.5658973184556,0.93663952600636,0.625721609849179,0.452942210289588,0.619723469099713,0.159993922825839,0.979438431135235,0.240880358757419,0.715293940800935,0.763815421909579,0.10900414031446,1.97882612747396,-0.0721450088935609,0.857474567829614,1.33779308199331,2.0622302380728,0.534410669280696,0.430603420698317,0.0825255429061879,2.49241358511359,0.424977967669666,1.04521829202864,-0.0134604410992951,1.4790601282646,0.164655949981159,2.15471276179619,0.791720662623295,1.69106425337977,0.340867295682494,1,0.0930524716101611,2.4470975104685,0.264714707484527,-0.423061810977406,1.39207155417715,0.362225287729051,2.10784446053258,1.34914661937005,1.59431135956162,"99","Two"
0.232818506953534,1,1,0.763835460026543,0.630486499248632,1.27841946530296,1.36884585995101,0.0222436258835257,0.469588783473405,2.30447087312821,2.57775593315668,-0.725775181269652,3.17841405541325,-0.0568088591607436,0.943012241353448,1.91619842866139,-0.296622773842578,1.27587111167466,0.233755617763061,1.42380672321336,2.48443030011096,0.346814020651195,0.748865363372857,1.89872178942071,1.44821646621837,2.04478528268922,-0.679085824655508,-0.443808231024119,2.32219448951645,2.61457489539885,0.328748609825251,0.0302858560825432,1.87753738944347,1.74186465293443,1.12725078156238,1.00493854799999,1.97576242260093,1.10945919156511,2.43900367298062,0.669360276207206,1.72347189573508,-0.605013422039725,1.09184976757131,1.95263002377489,0.0855255685000541,0.270048780470416,1.20808272069703,-0.42214592504794,0.750226882753309,-0.520888687849446,2.6831205071012,-0.66248488170545,2.11083967552195,1,0.763835460026543,0.630486499248632,1.27841946530296,1.36884585995101,0.0222436258835257,0.469588783473405,2.30447087312821,2.57775593315668,-0.725775181269652,"100","Two"
