y,x.1,x.2,x.3,x.4,x.5,x.6,x.7,x.8,x.9,x.10,x.11,x.12,x.13,x.14,x.15,x.16,x.17,x.18,x.19,x.20,x.21,x.22,x.23,x.24,x.25,x.26,x.27,x.28,x.29,x.30,x.31,x.32,x.33,x.34,x.35,x.36,x.37,x.38,x.39,x.40,x.41,x.42,x.43,x.44,x.45,x.46,x.47,x.48,x.49,x.50,x.51,z.1,z.2,z.3,z.4,z.5,z.6,z.7,z.8,z.9,z.10,grp,time
5.711675016,1,2.245708899,0.964102799,1.04006998,-0.007440141,1.12835128,0.227205171,1.195514324,-0.237446471,1.085196965,1.8565012,0.509734319,1.880244944,0.6902467,1.609371443,1.272848635,1.648243161,2.064166953,0.819750811,0.158875576,1.022644489,1.292603303,1.693601002,2.009449609,1.647737759,1.174357952,1.601288475,0.954024439,1.142059124,-0.247308374,2.395054418,3.282764231,-1.130988063,-0.175384354,0.277394916,1.398862085,0.903850592,2.562175299,0.2152253,1.098777773,1.307172815,3.653160477,2.160200967,0.864145236,1.594187496,1.904282688,-1.064338204,0.933838748,1.907754102,0.989068849,1.44922596,1,2.245708899,0.964102799,1.04006998,-0.007440141,1.12835128,0.227205171,1.195514324,-0.237446471,1.085196965,1,1
3.91017753,1,1.319625371,-0.1209106,0.942456618,-0.114370172,0.194785266,0.849766972,0.579493299,0.227409953,0.48289255,-0.206899878,-0.783822093,-0.519847942,3.320362929,1.134485371,1.751660416,1.47663294,2.154433504,-0.481106431,1.736056451,2.211769147,1.847767437,0.27228842,1.1934305,2.761685848,-0.146745248,2.766982214,0.49613679,0.834737075,1.142743648,3.421727769,0.869636497,2.343289145,0.130470594,1.840318301,-0.002540715,2.530593362,2.086429146,1.360118425,0.964600776,-1.192586518,0.869225036,-0.911379047,1.666628425,0.372048908,1.012960449,2.540583496,0.650247893,2.389136369,2.345050343,0.857536465,1,1.319625371,-0.1209106,0.942456618,-0.114370172,0.194785266,0.849766972,0.579493299,0.227409953,0.48289255,1,2
8.55302981,1,0.88503755,2.125156364,1.389129915,1.804120113,3.561821777,-0.204854251,0.769980706,0.140011673,0.263350992,1.977615365,0.475192185,-0.313263283,0.467152219,0.997015031,0.558078628,2.329148685,1.607259346,-0.48165826,0.456479483,0.913824982,0.204572169,2.167660533,1.145003696,0.179471164,1.259272355,2.209946289,0.037377217,1.82797547,0.003636596,1.331110506,-0.100986322,0.718840834,2.008903985,-0.128879739,0.778407286,1.613325924,0.22442436,-0.503976551,1.6900226,1.874040671,0.892170122,2.207497808,2.608724122,0.331170804,1.398626666,-0.70638106,0.433946571,-0.177738489,-0.461695234,0.07279769,1,0.88503755,2.125156364,1.389129915,1.804120113,3.561821777,-0.204854251,0.769980706,0.140011673,0.263350992,1,3
7.002158998,1,1.790732581,1.818865272,1.291508008,0.784561343,0.008980719,1.226895217,1.153714129,0.229279206,2.233537195,0.799791027,-0.815524299,-0.067737785,0.078065867,2.298596353,1.809537784,0.128067397,-0.317726893,1.291794191,1.231515684,0.386603287,2.748381026,0.464169149,0.900999025,3.082051713,2.344227947,0.136349823,1.928330858,1.933689723,0.759152848,0.449588646,1.604633238,0.938581256,0.269435786,-0.33290931,1.138208393,1.143968915,1.125348524,-0.221954626,2.787786319,1.922776873,-0.207669326,-0.830065319,1.456987651,1.921062761,3.392004094,1.732314033,0.697657273,1.756947532,1.384204325,-1.425525834,1,1.790732581,1.818865272,1.291508008,0.784561343,0.008980719,1.226895217,1.153714129,0.229279206,2.233537195,2,1
3.05300042,1,-0.866415181,1.108015936,0.03365931,1.847527154,3.257521409,0.242404671,2.20570896,-0.6886418,1.136908012,1.200547867,2.49122034,0.997025325,-0.922363861,1.170291674,-0.059853287,0.048868345,1.090575488,0.492013677,1.572711434,0.80939809,0.893969646,2.081085072,0.266456882,0.994313717,0.000567684,1.002767781,0.519258806,1.326624237,0.380295748,2.481440131,-0.253400062,2.272595913,0.085193041,0.763207879,0.93646007,1.464841831,0.980478787,0.664271331,1.069361957,-0.96158594,1.509099946,2.145293164,1.455889205,0.183866636,1.064123702,0.899330559,-0.418222096,1.814893712,1.286213303,0.783118091,1,-0.866415181,1.108015936,0.03365931,1.847527154,3.257521409,0.242404671,2.20570896,-0.6886418,1.136908012,2,2
5.326593109,1,1.48448763,2.272544122,2.516964161,0.153894517,2.338785467,0.331551722,0.794958215,2.760743989,2.876670509,1.284748329,1.241322728,-0.114876552,1.819855765,1.001425675,0.077828269,2.670477797,-0.545331317,0.754308959,1.709796544,-0.131788328,0.68479861,2.90652441,2.283207819,1.917913278,1.746166117,2.163513272,1.180760352,0.78984753,0.089588307,0.951374058,0.696813315,1.109223784,0.154249225,1.503654068,0.585596802,0.265283075,0.350580354,1.987872891,1.647544891,-0.231647918,1.209631791,1.355841177,0.003359118,-0.189026569,0.786594163,1.900936834,0.322344676,0.851986497,2.094780576,0.698485324,1,1.48448763,2.272544122,2.516964161,0.153894517,2.338785467,0.331551722,0.794958215,2.760743989,2.876670509,2,3
7.061947927,1,0.222608423,1.10439778,1.383276534,1.928296179,0.536503729,1.925635499,-1.065700551,1.400879669,1.534184349,2.22563831,-0.607551042,-0.258252457,1.069969235,-0.26226934,2.847186556,2.336329582,0.346643403,1.284905643,0.363305817,0.619117743,2.562015277,0.421366114,2.125346776,0.775324051,1.927388842,2.965647097,0.79586093,0.504699458,1.383936559,0.176859421,-1.270570677,0.456764708,1.933161024,2.472440903,0.898546698,0.793984044,1.405508774,0.807654126,0.010760134,-0.02254225,0.85107845,0.420914711,1.617601114,0.035987923,2.390787371,1.772142994,1.284057003,1.635915481,0.772627395,2.528099719,1,0.222608423,1.10439778,1.383276534,1.928296179,0.536503729,1.925635499,-1.065700551,1.400879669,1.534184349,3,1
0.669244745,1,1.06735387,-0.210219199,1.471492503,-1.250402172,1.831746084,-0.292965402,-0.292710876,1.373856143,1.905599705,0.100444352,1.037390268,0.818302016,1.207854374,0.280351315,0.195020772,2.199825887,1.239588411,2.533550231,0.18574798,2.436638485,0.093907284,1.960068041,2.068028394,2.053649962,1.547368507,2.387320253,0.96040155,0.407442893,3.018510862,2.439152928,1.358191322,2.688416665,0.845725315,0.859278366,1.128588594,-0.976568361,-0.498521137,-0.276405233,0.322706194,1.908047692,3.292018357,0.199715144,0.304239145,0.703892656,2.455122306,1.529809034,2.251844671,1.522680989,0.633925027,1.207523033,1,1.06735387,-0.210219199,1.471492503,-1.250402172,1.831746084,-0.292965402,-0.292710876,1.373856143,1.905599705,3,2
4.6572476,1,0.743949521,2.318265272,1.250037687,0.98569522,1.069674086,1.291624203,0.843624465,1.757742003,2.109862996,-0.836585685,-0.279575112,1.203027768,1.229666281,1.524642008,0.966975659,1.109134036,0.133813045,0.732344325,0.7826415,0.403688004,0.278494757,2.253490139,1.644154032,0.100296903,0.942046813,1.962943602,0.843893682,0.263702776,2.146231971,2.386991453,-0.252887645,1.672665484,1.375300866,0.600237585,1.330296521,1.505309808,-0.204236322,1.036730601,1.033776669,1.229723949,-0.344399974,2.690631617,-1.198861741,1.228317962,2.392793272,1.750071138,0.766406871,0.623211989,0.037090907,1.00914913,1,0.743949521,2.318265272,1.250037687,0.98569522,1.069674086,1.291624203,0.843624465,1.757742003,2.109862996,3,3
9.480318393,1,1.881957131,0.147778226,0.754314122,1.556413153,3.574977933,2.815996518,1.831519498,2.828618057,0.698358022,0.683929754,-0.295738938,1.03913913,0.175529664,2.592485558,2.609928753,-0.09968952,2.463526591,2.321163093,0.032365236,-0.756829172,1.203103439,0.345053847,1.334198133,0.203712616,1.547059324,-0.040965132,0.631031175,1.02957117,0.645823115,2.735516394,-1.049151584,0.461547249,1.02508711,-0.474943172,1.449592299,1.219869808,1.421004156,2.015378623,0.591086044,1.456799919,-0.517666221,1.714521869,-0.110699968,1.292441393,-1.081284524,0.170886453,2.828824202,0.840217484,0.346291613,0.021525792,1,1.881957131,0.147778226,0.754314122,1.556413153,3.574977933,2.815996518,1.831519498,2.828618057,0.698358022,4,1
10.07543347,1,1.549337632,1.095463271,1.249924292,1.496050166,1.641817103,1.697824351,1.419086781,0.764437637,1.267993377,1.319993246,1.633822587,0.724439845,2.650207007,0.597626496,-0.717485332,0.138619935,1.44773534,1.913313135,1.469940708,2.557267448,-0.288099819,-0.102662226,0.931398437,1.595776696,1.952552004,0.41875416,-0.651323674,1.774899123,2.086795067,3.059521146,1.92971027,0.555836541,0.240051506,1.348174001,0.831694931,1.95594048,-0.242675023,0.801941032,-1.183349483,1.786824901,0.302495397,0.223457843,0.961996911,0.540170393,1.097584408,1.18855633,2.106483346,2.046809788,1.016896059,0.636013364,1,1.549337632,1.095463271,1.249924292,1.496050166,1.641817103,1.697824351,1.419086781,0.764437637,1.267993377,4,2
7.29898622,1,0.605398553,2.201213594,0.935551705,1.488831653,1.817064631,1.343071764,2.056038587,0.323319126,0.643773374,1.31879695,0.185908921,1.563144078,0.250816679,0.509205916,1.336932193,1.197381469,0.111555914,1.879743622,1.046180485,0.931190108,1.390251138,1.915539988,-0.8293631,2.126488376,1.010061732,2.982863069,0.604561513,1.584377139,1.404228561,0.486492455,2.974368413,1.890816188,0.771671371,0.364784002,1.067587019,1.920557239,1.240362186,2.008565072,0.060757505,-0.537549902,-1.041119545,-0.018825578,1.180439015,1.724584082,-0.493590839,0.270425438,0.801951608,0.262571092,-0.322716878,1.084474972,1,0.605398553,2.201213594,0.935551705,1.488831653,1.817064631,1.343071764,2.056038587,0.323319126,0.643773374,4,3
11.35980602,1,0.641426766,-0.022786506,1.889934579,2.08994481,1.485239952,1.158547903,0.768461894,-0.404748862,1.519289323,3.036632074,2.280195116,0.107724143,1.927270451,2.9311337,0.275417083,0.610823613,0.405803167,1.837294919,0.928158616,1.763092142,0.459943024,2.703285467,1.97665552,0.740003178,1.865719529,1.514917083,1.279382873,2.227797826,1.984662687,1.047285558,1.341873096,1.350566514,1.537883489,0.714528322,-0.176209393,1.813638164,0.435490013,0.735196201,1.147098205,-0.042487921,2.313518614,-0.406988167,1.238079785,1.012136815,2.907775402,0.644711921,-1.376230901,1.306742224,2.525394088,1.780933972,1,0.641426766,-0.022786506,1.889934579,2.08994481,1.485239952,1.158547903,0.768461894,-0.404748862,1.519289323,5,1
4.776548952,1,-0.059019803,0.699857101,0.829433653,0.810012909,0.881114137,2.376291224,1.21678375,3.17575692,0.457110882,2.505133164,0.08931533,1.826356085,-1.557355234,1.419583227,0.307669257,0.648729792,2.402793848,0.353539621,0.095373146,0.38327635,1.170898051,0.003538221,0.533682159,-0.071449197,-0.172787626,1.641474511,2.171696826,0.83836248,1.301557491,0.913549955,2.026976882,0.692116566,1.696962333,1.609216728,2.70047134,0.894306521,-0.335838595,0.461831602,0.383326456,0.335215114,0.440622327,1.821544185,2.025405534,3.672799194,1.153003531,2.772229605,0.207928845,0.732481998,1.333114083,1.263593161,1,-0.059019803,0.699857101,0.829433653,0.810012909,0.881114137,2.376291224,1.21678375,3.17575692,0.457110882,5,2
9.749820702,1,2.218529392,-0.8416126,1.999741085,-0.053139969,2.280580512,0.928195957,0.21777075,-0.137242474,1.287838461,-0.027563984,1.685525983,1.866583142,1.341922057,2.672293257,0.798794909,0.838803439,-0.592996003,1.402958157,-0.106024764,1.310607755,0.218017426,1.53869696,0.234813636,2.140599237,0.299371382,0.960324638,-0.096573774,1.882342236,1.782818991,0.449555667,0.662366108,1.808604759,1.935394647,1.466258007,1.824371024,1.04517914,-0.399389236,1.623334589,0.60420238,1.826899744,0.51905367,0.195849882,2.058262916,1.955982639,0.514843645,0.263185033,1.384097858,1.209067472,1.389190718,-0.419459716,1,2.218529392,-0.8416126,1.999741085,-0.053139969,2.280580512,0.928195957,0.21777075,-0.137242474,1.287838461,5,3
9.539313367,1,2.981895262,1.145230569,2.568187079,-0.567324613,0.583008664,1.771233671,0.215044843,1.152450428,1.343760074,2.214708312,0.897775558,-0.229461048,1.730600602,1.549164433,1.652937281,1.185016326,1.517381505,3.206018269,1.054986546,0.468957301,2.272716461,0.547399328,-0.309139298,0.02836501,-0.19464074,1.09991211,1.00773014,1.090791219,-1.037276796,-0.314493769,1.059823227,1.898629378,-0.249072126,1.667474467,1.772636209,1.916016394,-0.060342878,1.521851024,-0.550642484,0.951860459,2.262731046,0.742982892,-0.180435493,2.044388117,-0.14245137,-0.542745047,1.256324496,1.165158243,0.074223741,1.812948497,1,2.981895262,1.145230569,2.568187079,-0.567324613,0.583008664,1.771233671,0.215044843,1.152450428,1.343760074,6,1
14.86340394,1,1.34608663,1.109734384,2.828163655,3.247393781,2.58308913,1.330724831,0.087461271,1.989662238,0.755780272,3.269654708,2.020421695,0.395441792,0.041555222,0.027161688,2.006526764,0.111745459,1.520281951,-0.321829569,0.064874631,0.677001214,1.601742686,0.954282973,1.205890852,-0.612497432,0.378927664,2.185485391,0.331799061,1.244706919,0.843986632,0.812423481,1.393522002,1.627724976,0.674081485,-0.545258827,2.259543824,3.662914605,1.529123339,1.646479246,1.067710498,0.141291638,0.221763669,0.4000332,1.660808178,-0.903574997,0.895907046,0.854384244,0.234311413,1.916665695,2.332236508,1.96270791,1,1.34608663,1.109734384,2.828163655,3.247393781,2.58308913,1.330724831,0.087461271,1.989662238,0.755780272,6,2
3.911462448,1,0.955789711,0.346523676,0.610742364,-0.590150732,1.259068386,0.570680285,0.26695029,2.023588431,2.103570674,3.211136225,1.516501837,0.885581089,0.779609022,0.810232924,0.724134121,0.269846177,0.397394288,0.690617559,-0.352316994,1.467534544,0.416502525,2.778844484,2.375697361,0.315809825,1.825824161,0.384191779,2.109249552,1.072524872,-0.369204402,1.319179155,0.319776595,0.456975178,2.464164546,1.791739779,1.445537247,0.028602303,1.968570574,1.645562354,0.349408926,0.364593258,1.263694825,-0.600542735,1.761056945,0.337909925,0.042236515,-0.013190236,0.985169597,1.205591834,0.395777275,0.834753872,1,0.955789711,0.346523676,0.610742364,-0.590150732,1.259068386,0.570680285,0.26695029,2.023588431,2.103570674,6,3
8.606417656,1,-0.124339922,2.88467143,0.769027091,2.121319081,1.05421474,0.68023631,2.84123336,-0.274983968,0.377785099,-0.795088155,1.007894977,0.658930194,2.37273885,1.761099761,3.035866349,0.801947856,1.767075774,0.481021425,1.566272201,2.64477635,1.24669598,1.111118304,0.640549514,3.201517057,1.932214084,0.262750982,1.737706975,0.887017236,0.352437447,0.234143838,1.677495617,0.585858702,0.477551336,1.114733941,1.601509143,-0.572361104,1.458042204,2.007136062,-0.066786563,1.278703597,0.259049586,3.014162965,3.539521822,0.268182902,0.065968643,3.329593864,0.989333738,1.580979418,1.100413533,0.611086124,1,-0.124339922,2.88467143,0.769027091,2.121319081,1.05421474,0.68023631,2.84123336,-0.274983968,0.377785099,7,1
15.80514509,1,1.876052805,1.139564938,3.336778281,1.371086944,0.763252315,0.551284532,-0.432708635,1.005289312,1.888015813,1.521681175,0.761507541,0.429110394,-0.361922127,1.522174604,0.603112943,0.321634371,1.378439006,1.980291648,2.287152297,-0.03523239,1.488343145,2.02785274,0.927434576,1.972807337,2.922073527,-0.245511827,1.454934369,2.991577828,-0.515379486,1.64361997,1.44160002,2.77788381,2.897894822,-0.237690367,1.259292931,1.91716336,1.669888775,1.674232207,1.172418719,0.856975254,2.154183534,0.334694722,-0.229569693,3.219118829,2.340718932,0.06916183,0.722533947,-0.649492747,-0.422318969,0.03877,1,1.876052805,1.139564938,3.336778281,1.371086944,0.763252315,0.551284532,-0.432708635,1.005289312,1.888015813,7,2
10.58057848,1,-0.596394628,1.244902434,1.663355872,1.141330454,1.5098954,1.726109477,1.626990566,1.733613008,4.037891745,-0.774658229,0.070757429,1.17634577,1.890363262,2.919205868,-0.050999637,3.663701089,0.032499929,1.222039261,1.199475889,1.037946523,3.007573303,1.71513074,1.436625392,1.488304715,-0.129275569,-0.475235385,0.91869105,0.487394909,0.550742167,-1.101690358,0.097674817,0.254799158,0.752991121,0.740063975,2.405305472,-0.083717059,1.930484008,1.432885255,2.023043487,0.874759197,0.668973784,1.698842933,2.241866442,1.258054331,1.323799521,0.750429548,0.641381143,0.714659597,-0.647962286,0.973359648,1,-0.596394628,1.244902434,1.663355872,1.141330454,1.5098954,1.726109477,1.626990566,1.733613008,4.037891745,7,3
7.101730476,1,1.618278843,0.162906452,-0.290201817,1.559379921,-1.771097135,1.001867791,0.991143268,1.094593153,0.803597587,-0.732116989,-0.105147439,0.398096975,1.866352805,1.452214234,-0.382923441,1.70599067,1.376602153,-0.509862924,0.821902966,0.834746177,2.249279081,2.631491158,0.503930772,1.733175179,1.073181834,2.095817638,0.769146707,1.206496486,3.141068691,1.111110173,0.605083606,1.107578098,2.344513536,1.484229934,1.297675315,2.035789501,0.007808687,1.688424263,-0.173079913,2.483206577,0.053266671,1.061225746,2.693942576,0.248739012,1.150690828,2.678311401,1.942884586,-0.140448733,0.516942095,0.128204786,1,1.618278843,0.162906452,-0.290201817,1.559379921,-1.771097135,1.001867791,0.991143268,1.094593153,0.803597587,8,1
8.312606132,1,1.250837278,0.69146285,0.93204037,0.864749973,1.004022638,0.344114274,0.185269443,0.898565522,1.505377796,0.344458921,-1.449195038,0.512019873,2.284376598,2.597912562,1.36162807,1.77890653,0.701591364,1.368348805,1.365652843,1.38412812,3.037227611,1.32075694,-0.054383934,1.154068451,1.341828571,1.054867866,1.107063641,0.752496758,1.01056279,1.134343393,2.275367483,0.761559445,-0.616152221,2.051075886,0.87785951,0.600116771,3.028520705,1.549140389,0.628158916,-0.18245598,1.677381137,-0.034455024,0.120951277,2.044492655,1.941360534,1.27056663,1.194960612,1.634348839,1.339713511,1.080612496,1,1.250837278,0.69146285,0.93204037,0.864749973,1.004022638,0.344114274,0.185269443,0.898565522,1.505377796,8,2
10.46865769,1,0.928763226,-0.451464033,0.274979151,2.081173796,0.641503856,0.474824406,0.614550374,0.726268301,3.244105312,-0.069949401,2.979890857,1.52309091,-0.038346045,2.438581907,1.866910868,1.08643913,2.19745836,0.813708325,2.335708164,0.292214338,-0.765827226,0.183491054,2.150423417,-0.089061578,1.690122803,0.052160668,2.391517073,-0.072740614,0.465762839,0.603522079,1.316082846,0.81669358,0.246747104,0.250765157,2.236584689,-1.597798813,1.051193724,1.297626888,0.986477676,1.632802712,1.161101581,0.92296002,-0.329172664,1.288632634,0.698570293,2.703877297,2.062488114,1.005478758,0.472909524,1.904489354,1,0.928763226,-0.451464033,0.274979151,2.081173796,0.641503856,0.474824406,0.614550374,0.726268301,3.244105312,8,3
12.63809002,1,1.0571701,2.895609901,0.629405839,2.888059282,-0.357298132,-0.130503234,1.245708875,1.16823157,1.563213262,1.444503432,0.395758607,-0.303496579,0.289317397,0.082261913,1.396607764,1.789555923,2.915186267,0.77066085,1.231428996,1.889395034,1.593709327,0.403805499,-0.095379567,1.455322253,-0.698355749,3.025093102,2.960750848,0.502279761,1.476613319,0.395953786,0.099159107,-0.841553484,1.145465148,2.351854513,1.853086949,1.02715879,-0.445960738,0.793586361,-1.177117997,0.394307965,1.728271086,0.232253637,-0.34831715,2.221768998,0.502291543,-0.333184352,0.054407246,0.181397048,1.631074365,1.726176499,1,1.0571701,2.895609901,0.629405839,2.888059282,-0.357298132,-0.130503234,1.245708875,1.16823157,1.563213262,9,1
7.319065512,1,0.634941529,0.245195492,0.230387372,1.808092764,1.129207168,2.160597946,1.594083521,0.351456042,0.417673437,-0.163275983,1.96664953,0.20335132,-0.186410864,2.218613918,1.755705948,-0.392782975,2.174011954,0.127851972,1.14525291,-0.049976874,1.970157662,0.54641269,1.787676848,0.057001265,-0.615794259,1.082543068,-0.130988051,3.478001777,1.954022401,2.666923783,0.58705881,1.885565723,-0.074770346,2.870837979,1.76159177,1.165024183,0.904598766,3.00336868,0.281088355,1.992463808,-0.247823159,-2.996687848,0.872766648,1.276426647,0.932665181,1.1704318,2.039668803,-0.143048754,-0.413354791,-0.061215862,1,0.634941529,0.245195492,0.230387372,1.808092764,1.129207168,2.160597946,1.594083521,0.351456042,0.417673437,9,2
10.09192984,1,0.534282216,1.32962976,2.509526645,1.133021949,1.042211422,1.663746454,-1.557300176,0.219967996,0.550704979,1.38957331,1.357660581,0.751559584,0.043882796,1.046548562,1.497537334,2.179863231,1.727253391,0.412115701,1.230980564,-0.041040688,2.433232999,1.448301353,0.785041698,1.216233765,0.64744194,1.758883998,0.59904412,1.289600797,1.535488778,1.158096998,0.771333288,-0.013133287,2.587321857,1.386622,1.511414336,0.769018574,0.814611215,0.906877982,1.651308575,1.349904585,2.201050014,0.517453745,0.735461183,1.545247805,2.037794256,2.016252154,1.396195162,1.721740851,2.535419125,-0.3322598,1,0.534282216,1.32962976,2.509526645,1.133021949,1.042211422,1.663746454,-1.557300176,0.219967996,0.550704979,9,3
6.621505097,1,-0.878765178,1.262467643,3.343386517,1.304740117,2.527289984,0.812153222,1.621017157,1.54991938,1.090363996,0.922690473,0.344627931,-0.027651028,1.033347442,0.342117282,0.964978575,-0.231638373,2.927043392,1.604065279,3.339586622,-0.826385949,1.876089833,1.42397351,0.55973165,0.209762793,0.447668067,3.096781892,1.366720839,1.066623055,0.59387559,1.499626654,1.398602092,0.786158963,1.684915638,1.771309083,0.674372851,1.341095641,-0.242481889,-0.476506526,2.385413083,1.617233285,1.231356847,0.422182044,0.502377036,1.413065864,1.661578594,0.021970162,1.806934376,1.815663506,0.646164275,2.944996675,1,-0.878765178,1.262467643,3.343386517,1.304740117,2.527289984,0.812153222,1.621017157,1.54991938,1.090363996,10,1
7.963748513,1,2.066743578,2.262993051,2.808034695,2.214602935,1.089422133,0.772926719,1.833341296,2.900304666,2.586663434,1.160094613,1.145489486,-0.894814934,0.617426245,2.638299478,0.373285328,2.825819616,0.796729801,1.7142847,3.121401826,0.423424252,1.480352491,1.554173237,1.019658636,0.782597039,2.378017849,-0.843924386,0.787042172,-0.325908529,0.989093838,0.709660306,0.473326659,0.338397974,0.916287655,1.090205405,2.428753596,1.31801338,-0.210771972,0.632507592,0.930003248,0.24168229,2.622249092,1.382737381,1.144778519,1.012643165,0.44605461,1.644875081,1.091618277,0.628668667,0.60835216,0.772187508,1,2.066743578,2.262993051,2.808034695,2.214602935,1.089422133,0.772926719,1.833341296,2.900304666,2.586663434,10,2
1.579424721,1,-0.083442361,1.57745286,0.468806052,-0.541584657,0.826903274,-0.010641273,2.317546192,-0.147572828,-0.002377792,2.155884959,0.902416395,0.627742319,-0.552532023,1.86115968,1.157468058,0.498051199,-0.010182626,0.561284515,1.572618677,0.422085635,1.748398231,1.626407424,-0.181152129,-0.091041491,2.106915528,1.496575592,1.24575636,0.510501775,-0.198154163,0.418225734,1.151800082,1.813427724,1.685005951,0.795087314,0.758894624,1.076062836,0.191414015,0.398363387,0.733769431,0.158676375,1.083155581,-1.020246879,1.668175559,0.972292634,-0.113326712,2.399735998,1.415397236,3.279054645,1.02030386,2.407420321,1,-0.083442361,1.57745286,0.468806052,-0.541584657,0.826903274,-0.010641273,2.317546192,-0.147572828,-0.002377792,10,3
0.932620643,1,0.785130449,1.717274275,0.761896884,-0.118083246,0.520796476,-0.051469694,0.634385269,2.101747436,0.876240555,0.418328827,1.700854449,1.65036388,1.390571293,2.433427296,1.024882617,2.396517669,1.127220372,0.915611041,3.589193527,0.238468343,-1.09647106,0.299365193,0.637087024,0.888575359,0.813182081,-0.922876245,3.047805073,-0.845798187,0.156787289,1.701641762,-0.139556492,2.883448984,0.149081505,0.994393267,-0.939417989,0.119134018,2.447734204,0.628484512,0.237085044,1.417214838,0.615861602,1.103259615,-0.422154913,2.680647252,1.154109977,1.239163666,0.364249454,2.642331596,0.892484673,0.229573059,1,0.785130449,1.717274275,0.761896884,-0.118083246,0.520796476,-0.051469694,0.634385269,2.101747436,0.876240555,11,1
-0.319619502,1,2.009730006,0.495555936,0.650747637,-0.502893652,0.530317752,1.180912859,0.984660768,2.560592569,2.192595322,-0.248526091,2.304031253,0.592035509,-0.248905332,2.117692185,2.292120622,-0.938823734,0.860852732,1.757501873,0.157362038,2.341842256,2.272688696,2.148075307,0.890536538,3.704167538,0.737704143,0.350918217,2.302725242,1.5965297,1.477001545,1.386156181,1.795357996,2.965245452,1.254637285,0.944988729,1.367621094,-1.511057521,-0.815040418,0.864557884,1.534173511,0.637372884,1.580899029,2.051448625,0.303217943,1.610041714,1.788359848,1.313417739,0.170823684,1.169442822,1.539983116,0.309723429,1,2.009730006,0.495555936,0.650747637,-0.502893652,0.530317752,1.180912859,0.984660768,2.560592569,2.192595322,11,2
5.345261806,1,1.699929582,3.538782965,0.814744127,2.578783835,-0.715465354,0.586864189,0.608371582,2.661888856,2.315676621,2.302030865,1.183390417,0.665796815,-0.898677632,0.721672877,-0.811566773,1.514730682,-0.423802589,0.000425668,1.867739314,0.936638543,1.319587705,0.944884113,2.841154241,3.559247925,1.827417993,1.009373559,1.407088823,0.753044513,0.596715919,-0.458519329,1.984179089,0.939094697,0.412102836,-0.564604553,-0.710727972,0.716836611,2.582529597,0.260366555,0.771228195,-0.339662579,0.530590631,2.008978778,0.18734122,0.631490781,1.036121266,2.162708826,2.052160493,0.329464412,-0.253539911,-0.438261212,1,1.699929582,3.538782965,0.814744127,2.578783835,-0.715465354,0.586864189,0.608371582,2.661888856,2.315676621,11,3
7.535488545,1,2.195179141,0.767501396,0.353384756,1.419421183,1.241468128,1.770024386,0.258621049,1.437303602,-0.21101236,0.176221057,2.512187161,1.983602769,0.526062143,0.682060807,0.364915025,2.317947665,1.374113768,0.598958947,1.468475937,-0.191731909,0.000803148,0.655496953,0.261460662,0.870524187,1.88725901,2.887171274,-0.046930956,1.661718549,0.836529861,1.245134401,0.937662783,0.85938314,1.829565966,0.300699215,1.432487371,1.630348258,0.051780293,1.238158089,0.249225509,0.693158228,0.371560858,1.419981643,-0.202113056,-0.719316322,0.793812512,1.960625116,-0.334543435,0.912569687,0.357025859,0.74405859,1,2.195179141,0.767501396,0.353384756,1.419421183,1.241468128,1.770024386,0.258621049,1.437303602,-0.21101236,12,1
11.24474417,1,2.203168029,2.075103647,2.226530207,2.739521452,1.843155923,0.9666845,1.020646445,1.924264722,0.974674136,0.157916049,2.393685834,1.467067568,0.111131667,2.707226676,1.310249172,1.085019261,1.013611702,0.37397629,1.916340962,0.052392385,-0.122127267,-0.108701514,0.461397398,1.26062269,0.843876959,2.287049929,-0.231660697,2.03024735,1.054259415,1.512204072,1.297481373,2.601091626,1.480092005,1.980183683,-0.524502791,0.412979411,0.004660349,0.951414051,3.445031504,0.240188697,2.716976537,2.680578023,-0.02273381,1.885617946,1.592824709,1.180225625,0.695469834,0.804986104,2.398480429,-0.000104849,1,2.203168029,2.075103647,2.226530207,2.739521452,1.843155923,0.9666845,1.020646445,1.924264722,0.974674136,12,2
5.334133799,1,0.364876624,0.608509254,0.44014645,1.483165502,0.954439033,0.568263309,1.135314075,0.27974173,0.600321279,1.442996457,0.812500845,2.06287811,1.830220664,2.060173055,0.692072389,2.457725244,1.130211491,0.138140875,1.619054339,-0.631400303,0.840010233,2.502715059,0.523682038,2.048483678,0.435041224,1.403729749,2.424180101,1.319581429,1.61271057,0.497552225,-1.096139461,-0.337777176,1.164559119,2.397835142,2.279132592,2.226599271,0.286591778,1.199783189,1.446962886,1.242835266,0.214660733,2.089779688,1.016462177,1.284625076,2.464029529,-0.010284429,0.887433843,0.334637592,0.073894337,1.455332798,1,0.364876624,0.608509254,0.44014645,1.483165502,0.954439033,0.568263309,1.135314075,0.27974173,0.600321279,12,3
13.73902969,1,0.29933496,1.789093728,1.653739872,1.510535622,1.927490964,2.172373354,-0.491475574,2.40114614,2.783193361,0.799958977,0.714595003,-0.361771293,2.412273673,1.650856502,0.237898049,0.828361232,-0.376740781,0.262022512,-0.448648765,-0.180231263,1.220588756,0.883021451,3.851772647,0.306167967,-0.469025685,0.077957188,0.313454964,-0.888364485,0.438259447,-0.162436385,0.133725523,1.493054655,0.987154609,0.148272801,1.439046047,-0.938775961,0.253520216,0.899180164,-0.273747611,0.988618485,0.887982374,0.970444019,2.100275173,0.132476759,0.879295245,0.383044268,2.374478653,0.139676574,2.071586243,1.023257384,1,0.29933496,1.789093728,1.653739872,1.510535622,1.927490964,2.172373354,-0.491475574,2.40114614,2.783193361,13,1
11.46168883,1,1.021610784,2.145140148,0.817054882,1.170516803,1.526908063,1.709369692,3.995840168,-0.53942488,2.448592557,1.195616575,1.515582089,1.732248071,0.118165115,1.225425168,0.287069572,0.431794744,0.719936004,1.291572535,1.697455382,-1.252891376,1.781869393,1.089247609,1.388148917,0.984398001,0.110855253,0.640568527,-0.872294643,2.94412686,-0.355345652,2.378969963,2.244044589,0.919768807,2.072611843,1.257636344,0.931066365,0.153154613,2.628169648,-0.396311553,1.695861221,0.534653745,0.614691748,1.33115076,2.323815992,1.741592534,0.878875398,2.001196931,-0.754682033,0.860766473,1.008662113,1.024531024,1,1.021610784,2.145140148,0.817054882,1.170516803,1.526908063,1.709369692,3.995840168,-0.53942488,2.448592557,13,2
8.36684292,1,1.403105831,2.038310463,-0.316537474,1.5084442,0.776545543,1.86124546,1.05411555,1.489753921,1.022243524,-0.21811086,1.095727525,0.585269367,-1.368169784,1.396588305,1.114949253,-0.091135772,0.191946009,1.274083064,1.002298304,0.786531073,0.297900542,-0.066044975,1.041226775,2.275869558,1.352501582,0.528147934,1.556701842,-0.48214311,0.833265472,0.310469403,2.229265444,1.678759296,0.910349968,0.51082032,0.651616168,0.536332593,1.092951628,0.427258538,2.816310061,-1.553231497,-0.0323664,0.756307177,-0.747349085,1.14181051,0.669082917,0.736275663,1.022095082,0.928399251,0.991866652,0.451679697,1,1.403105831,2.038310463,-0.316537474,1.5084442,0.776545543,1.86124546,1.05411555,1.489753921,1.022243524,13,3
13.75775338,1,1.802810833,-0.597787278,1.248485119,1.472241059,0.609843894,1.192743789,0.709954828,2.10469881,1.183256671,-0.608769354,2.271681627,2.946532757,2.184443416,1.521084723,1.844877623,1.42087797,0.961949596,-0.296681233,1.024036232,-0.364790756,1.006866606,1.932404573,1.580465403,1.550388938,1.156917695,2.730476977,1.501677717,2.812577517,1.214712876,1.529348353,0.373618312,1.084047882,1.524208906,0.930537813,0.39707759,1.538181962,2.116096162,2.656097516,-0.148678114,-1.209879818,1.003467831,0.127185093,1.35157066,0.621556033,0.896613809,-1.095458437,-0.944713583,1.660445521,-2.006961418,0.096789277,1,1.802810833,-0.597787278,1.248485119,1.472241059,0.609843894,1.192743789,0.709954828,2.10469881,1.183256671,14,1
9.68022977,1,0.429161259,1.364447594,2.079460548,1.102009417,-0.254423516,0.647569682,2.005669144,2.923336307,-0.109602774,-0.405271499,2.447468168,0.246667788,1.7879667,1.17039596,0.81363072,1.074288024,1.398388692,1.0236497,1.422381824,0.962033018,-0.269825301,-0.62203953,-0.061491173,1.547964695,1.230023492,0.082122732,0.829321012,0.583944257,-0.795152931,-0.336264684,0.446534127,1.54105934,1.400235686,1.293795502,0.415725029,1.9595337,0.673947341,0.303927395,2.031593108,0.094052344,1.889877409,-0.025063041,0.990440905,1.955295677,1.503762697,0.910081988,1.17953661,0.929723144,0.939075968,1.094889553,1,0.429161259,1.364447594,2.079460548,1.102009417,-0.254423516,0.647569682,2.005669144,2.923336307,-0.109602774,14,2
14.03044509,1,0.990626546,0.793414568,1.284803213,2.314110849,2.366021054,0.651358968,0.609079972,0.977464457,2.055489484,4.706902872,-0.16912785,0.841988268,-0.510544481,2.021781698,0.112790777,2.390874976,1.242100537,0.537193749,0.523399794,0.307396547,-0.391675292,1.579153299,-0.710146784,1.134133902,0.607918062,0.793136227,0.831299462,1.167612084,-0.141309965,0.088311893,2.267348113,0.645663815,2.09628644,0.127322691,-0.008767034,0.758620058,1.745206009,1.181475845,2.583250226,1.063715706,1.728917568,0.908203292,-1.540983879,0.179856524,0.992839356,0.420983987,1.741046626,-0.594798284,-0.536509464,1.147040162,1,0.990626546,0.793414568,1.284803213,2.314110849,2.366021054,0.651358968,0.609079972,0.977464457,2.055489484,14,3
7.677316086,1,1.868017646,0.564685185,-0.180219098,1.202946396,2.653458168,2.372608286,0.45939321,2.470463225,0.18614089,1.636902908,0.54486857,1.099797623,0.459166102,0.679827225,-0.737607322,0.894726499,2.003636612,3.109741058,1.377651809,1.088494346,2.326433233,0.926010183,1.465393983,1.762079496,1.76595567,0.424147153,1.010472473,2.257616643,1.547107763,0.288974601,0.029057887,0.324512087,0.088953827,1.023797604,0.988499149,0.825456773,1.437010232,0.00244828,0.822745181,1.479120359,0.373140198,0.549348219,0.68271208,1.823001234,-2.25918475,0.024265618,0.629937621,1.553278554,2.651572375,-0.66643856,1,1.868017646,0.564685185,-0.180219098,1.202946396,2.653458168,2.372608286,0.45939321,2.470463225,0.18614089,15,1
9.559139322,1,1.385576591,0.79799188,1.322874852,1.059521237,1.314624913,0.795388536,1.462063145,1.288165419,0.382935211,-0.849058872,2.326346396,1.852320425,2.241768514,2.172644707,0.783320307,0.573923624,1.332930633,0.418350738,0.093156019,2.358872216,1.333011645,-0.271288471,1.381934854,1.658540335,2.040608891,1.380753332,1.19675426,0.715090272,1.966549337,2.22900666,-0.855530459,1.574023399,2.327547741,1.299732546,0.291767831,0.778058553,0.817038112,1.886319211,0.244966848,1.229492708,1.588979313,0.638277949,2.617686633,-0.058084636,1.220853287,1.74414622,1.025218409,-0.353695671,1.48822279,2.367456456,1,1.385576591,0.79799188,1.322874852,1.059521237,1.314624913,0.795388536,1.462063145,1.288165419,0.382935211,15,2
6.79994535,1,0.464959094,2.009628939,1.447009281,-0.498949562,2.389267356,2.798758554,-0.892388284,1.101264299,1.051677312,0.092271054,0.432181761,0.523841256,2.195056728,1.631659569,0.884234657,0.741700015,1.79445198,-0.864700026,1.111737875,0.870542102,-0.091200527,1.327788069,1.484574647,0.218962977,0.504404761,2.652132659,1.43257666,1.698409516,1.740627846,0.626163576,2.513698629,0.779754023,-0.45307399,1.469677975,0.576154269,1.201546708,1.832171098,-0.781444249,1.166309159,1.178868775,-0.431066104,0.861675951,2.967369001,2.041345845,1.885752546,-0.057043396,0.785909669,1.516279065,1.825717477,1.952511834,1,0.464959094,2.009628939,1.447009281,-0.498949562,2.389267356,2.798758554,-0.892388284,1.101264299,1.051677312,15,3
8.426102474,1,0.921882649,1.019861865,2.488957827,0.382143084,1.330404061,1.19687095,0.523410721,0.767311216,1.682158373,0.69505158,0.911464131,1.981805729,1.383472549,1.846988399,1.034047299,-0.935828363,0.903717974,1.158128422,-1.513363826,1.410457467,0.314262295,-0.754204148,0.94399131,0.9159471,0.085736853,0.028844558,2.114689112,2.01835907,1.655009376,0.346740156,0.43661289,1.565311013,0.789195947,1.963539711,-0.792163071,-0.074499282,1.571629971,0.683719923,0.045097764,1.885770594,-0.015298691,1.368790264,1.060060512,1.558848075,2.34270943,0.446019031,1.273468917,1.417423155,1.432533671,0.400838715,1,0.921882649,1.019861865,2.488957827,0.382143084,1.330404061,1.19687095,0.523410721,0.767311216,1.682158373,16,1
5.280194003,1,1.275139199,0.619262708,0.032297365,0.733231943,1.985047597,2.388565142,0.340486156,0.71575793,0.884869613,2.312450804,1.861319125,1.91773443,0.90686351,-0.36700686,0.59831648,1.586441739,0.36367563,0.498729774,-0.177653166,0.499654736,1.24907677,2.223666744,0.930848223,0.85605519,0.332668019,1.192320129,0.392647985,1.447981552,0.898954915,-0.034639825,2.15638996,0.481107043,2.064343269,2.797087802,2.259782647,2.10390536,1.102983693,0.863710486,1.519154211,0.47854708,1.485950396,0.124722551,0.863352988,1.486871599,1.797554636,-0.525569582,1.282974297,2.980644931,2.188863908,-0.042667139,1,1.275139199,0.619262708,0.032297365,0.733231943,1.985047597,2.388565142,0.340486156,0.71575793,0.884869613,16,2
8.378320251,1,1.654216579,0.885900807,-0.133025059,2.415719104,0.946447343,0.648668316,1.625898181,-0.443678867,0.651853132,0.629751112,0.667641373,0.638680569,-0.697090587,0.651345439,0.058605498,2.171447491,0.844220547,0.295116813,2.592219968,0.900400596,2.481839825,0.225576878,0.63591775,2.40255421,1.863181985,2.514259206,1.691304873,0.118211843,-0.973437879,1.984767446,1.82498766,1.301930946,1.523195751,0.410605041,2.96198077,1.458131154,3.655680441,2.21946183,2.807864786,2.049984868,1.123056272,-0.161080063,0.440466172,-0.782803987,-0.311495154,-1.122496952,0.408028121,1.022354244,1.206543188,3.093236512,1,1.654216579,0.885900807,-0.133025059,2.415719104,0.946447343,0.648668316,1.625898181,-0.443678867,0.651853132,16,3
3.937124253,1,-0.474182968,1.244115725,0.628480462,0.934336347,0.284566449,2.927527568,1.82292182,1.068936167,1.001950696,0.601194068,1.334088808,0.001492952,1.797176831,1.63480732,0.989953578,1.332803028,0.90541229,3.109763487,0.209996444,-1.265297523,-0.120551844,1.430259667,0.33312074,1.653055555,0.750717558,-0.180906916,0.124356821,1.773767462,1.179832056,1.219222412,0.83832626,0.92268971,0.337744482,1.079328159,-0.506835151,1.289775333,1.425062988,1.216956066,2.002919839,2.31609755,-0.765608726,0.279425919,0.04698191,1.064032314,-0.284955467,2.698760649,1.176000868,0.302392185,0.492467576,1.673223304,1,-0.474182968,1.244115725,0.628480462,0.934336347,0.284566449,2.927527568,1.82292182,1.068936167,1.001950696,17,1
9.747717458,1,1.000258027,0.420416801,1.325240361,2.069559987,0.32158751,1.81929811,0.411482996,1.594306357,-0.080519426,1.695214012,1.363036808,1.593719008,1.542190382,2.195739171,0.420429438,-0.8891409,1.525717947,3.344618664,1.978730138,1.866329575,0.992330351,-0.080443938,2.629326586,2.080428584,-0.536452105,1.045827795,-0.562332535,0.74314916,2.372004208,0.5498432,0.410319193,0.777062724,0.745980909,2.625332184,2.011178095,1.017295719,-0.474783788,0.920841088,1.235421609,1.737581159,0.277552921,2.860480872,-0.552072586,-0.322984398,1.597209536,0.420486115,-0.137491653,1.956163064,0.546226538,-0.087056077,1,1.000258027,0.420416801,1.325240361,2.069559987,0.32158751,1.81929811,0.411482996,1.594306357,-0.080519426,17,2
-2.116060663,1,-0.747414742,3.079068308,-1.389420988,-0.726232053,1.305207317,0.779654526,0.501990796,-0.045750169,1.092360914,1.576411259,0.273915075,1.012339564,2.191854453,4.402993741,1.397033517,-0.18565042,-0.086401692,1.507827643,-0.599520383,0.738899481,-0.876713904,0.789708358,1.763376963,3.144260173,2.087057573,1.0880136,0.14287205,1.452267744,0.574448997,1.431891967,-0.328723878,0.560992378,1.268905976,1.598381795,2.45716079,2.109847382,0.926945934,1.816356023,1.315430072,1.405558388,0.706787977,-0.424973721,-0.328705707,-0.139509107,-0.277902891,0.417193867,1.487574898,0.801496382,0.042297879,0.670188184,1,-0.747414742,3.079068308,-1.389420988,-0.726232053,1.305207317,0.779654526,0.501990796,-0.045750169,1.092360914,17,3
9.129020994,1,1.754748979,1.168828423,1.743020359,0.573826285,0.731941046,1.341036161,1.124927668,0.658622787,1.94621528,0.668425055,1.22675094,3.620868892,2.281004784,0.876048123,-0.480194864,-0.303132586,-0.07864258,0.735584971,1.724629291,1.563109672,1.714873158,3.377332943,-0.223075378,1.141419029,1.521612856,1.375595233,1.882010148,1.429627548,1.079984313,2.158845068,1.047521171,0.864393656,-0.347456655,0.040386583,1.205252403,0.798616927,1.855978114,0.822122993,-0.004494488,0.451551373,1.484640171,-0.592253813,0.299818997,0.737558829,1.8993262,0.855087005,0.104936694,0.659600637,0.454620573,1.742010213,1,1.754748979,1.168828423,1.743020359,0.573826285,0.731941046,1.341036161,1.124927668,0.658622787,1.94621528,18,1
2.273313271,1,0.17199064,1.636410969,-0.470481806,0.387002846,0.966193504,0.23322586,3.890474466,1.613624289,2.386591229,0.892803532,-0.06174116,0.941831683,0.655185224,2.331727974,0.608002185,-0.486450668,-1.399884799,3.614706435,1.682287169,0.622824319,-0.387488559,2.311398395,0.927392435,-0.090308569,0.471067183,0.32792428,1.832138396,1.958100714,1.938831245,1.774097733,0.709633879,0.500348543,2.182823786,-0.306370144,-0.209009523,1.300015456,0.780149119,1.504286482,2.454027388,1.849180044,0.354935496,2.075500975,1.42462619,2.294957181,0.396919944,0.822409572,0.240587396,0.198196523,2.627550304,1.54259381,1,0.17199064,1.636410969,-0.470481806,0.387002846,0.966193504,0.23322586,3.890474466,1.613624289,2.386591229,18,2
9.088261107,1,0.547165943,-0.835691574,1.361053006,1.865040077,-0.434863437,2.123476779,0.148045421,0.082080568,2.065659659,-0.398397892,-0.348756074,1.504123187,0.409378391,-0.695711703,0.049259406,-0.013744718,-0.254601547,0.681315363,0.761814535,1.305735574,0.962511554,0.767879779,2.602413669,0.803023999,2.602429625,2.665644197,2.123854245,0.059657205,1.344041351,1.656075623,1.032292948,0.446811733,1.970360482,1.144164037,1.909191197,1.087610176,0.621256481,1.987792252,1.671197895,0.389026499,2.965221598,-0.080248499,0.024114853,1.967469658,0.844199952,1.501436303,1.091163246,1.937698679,1.104058262,1.754982868,1,0.547165943,-0.835691574,1.361053006,1.865040077,-0.434863437,2.123476779,0.148045421,0.082080568,2.065659659,18,3
2.460549465,1,-0.32510505,-0.663399042,1.027910522,2.869545336,0.659005163,2.696626258,0.508818659,2.100974252,-0.72279067,-0.12715465,0.440959981,1.860502665,0.631907285,1.288015328,1.316425988,2.003381061,1.670149686,-0.353238633,1.662854999,0.321956537,-0.644004223,1.993793671,2.706264165,1.666546462,0.435644048,0.1001148,2.341902782,0.89006662,1.206160667,1.634814573,-0.180456412,0.717039892,1.224940902,0.599186378,-1.775586769,2.51521908,1.71261528,0.017153285,-0.314684506,0.681932335,0.328941637,0.834456228,-0.247043406,2.184916534,1.166192233,1.373513616,1.260763842,1.647973401,0.288521153,0.025628027,1,-0.32510505,-0.663399042,1.027910522,2.869545336,0.659005163,2.696626258,0.508818659,2.100974252,-0.72279067,19,1
2.80779501,1,1.466579398,-0.115311859,0.815860363,1.274546737,3.233837649,1.667704502,1.533064682,1.764093988,0.129334139,0.77850539,-0.829996643,1.948893744,1.678734033,1.761590632,2.671158237,0.82713762,1.944507643,-0.146040057,2.254498614,0.985198821,-0.220449963,-0.662771769,0.859175054,-0.167906341,1.043895684,-2.036982806,-0.439147187,2.54042421,-1.154008227,2.329347144,1.016031329,0.404183141,0.822695428,-0.166792925,1.093249619,0.262116874,2.26977089,3.04319053,1.18152538,-0.726507986,0.745088571,0.989281013,-0.015367419,1.683118519,-0.21748204,-0.592151012,0.858838919,0.912674065,2.067811879,0.195658497,1,1.466579398,-0.115311859,0.815860363,1.274546737,3.233837649,1.667704502,1.533064682,1.764093988,0.129334139,19,2
5.771080444,1,1.198890682,2.097865605,2.744614841,1.683711739,1.403578894,0.11546705,0.223074376,2.265614919,-0.60611429,0.513342643,1.451915545,-0.270478767,-0.019605195,2.778538377,2.65041416,2.289335218,0.908382721,3.103251703,0.112434946,1.075356521,1.355236022,1.129597913,1.095753184,2.555075953,-0.807546301,0.559974048,2.40163679,0.535618374,-0.247579935,0.856280683,0.928257391,0.156466791,0.074354416,0.772954566,1.833546714,0.039685668,1.763305929,0.261277964,1.268080827,0.923822879,0.302111119,1.597964703,-0.574632647,0.273530249,-0.136636164,1.62959112,-1.552222598,0.966842404,1.551899021,-0.815685575,1,1.198890682,2.097865605,2.744614841,1.683711739,1.403578894,0.11546705,0.223074376,2.265614919,-0.60611429,19,3
4.781416423,1,1.023447891,1.822308296,1.57451794,0.75871514,0.896191391,0.021050639,1.823454664,1.183875866,-0.564610761,2.122107751,0.947832421,1.97947647,0.024291983,0.572505014,0.864716469,1.971535866,2.3199762,-0.175372785,2.729606248,-0.010473961,-1.113151684,1.16666679,1.709002338,0.320259478,1.026647219,0.22978734,-0.304289905,1.33504182,-0.185084125,1.714278382,1.446632233,-1.253007985,0.777664118,0.82113619,1.405421537,1.473664045,2.084498368,0.500198518,2.304021348,2.282998876,0.048169129,1.417886936,1.35348202,0.223529823,1.677689749,2.181346067,0.10644505,0.832556935,1.721373005,0.4021552,1,1.023447891,1.822308296,1.57451794,0.75871514,0.896191391,0.021050639,1.823454664,1.183875866,-0.564610761,20,1
8.396049579,1,1.793361422,0.316699994,2.21946135,1.254840688,1.707412401,1.14848704,-0.268070133,1.224861875,0.178461659,1.444390122,-0.751179136,2.152054104,0.759009502,0.841489293,0.38025507,-0.2495368,1.078443098,1.784398453,1.191726183,0.991549335,0.925079426,3.026936814,-0.021988046,1.262873857,-2.818034297,1.966098296,0.932540839,-0.481143607,0.016723168,-0.523259237,2.041230437,1.757896364,2.655444217,1.503335448,1.344592569,0.678897505,0.084021218,0.079369614,2.105867499,0.013403625,1.730384116,0.650563139,3.678815682,-0.446177887,0.977308019,2.073059124,0.25347843,1.75396594,-0.704649412,0.036133689,1,1.793361422,0.316699994,2.21946135,1.254840688,1.707412401,1.14848704,-0.268070133,1.224861875,0.178461659,20,2
6.145223403,1,0.849958321,0.368283718,0.539306736,0.717281149,0.984741419,-0.876093303,0.00888361,-0.260527604,0.72847467,1.669363998,-0.746835705,2.589697484,1.872789023,1.78213031,1.637720073,2.032651992,1.776610158,0.926386969,1.84846379,-1.066862378,1.135508015,0.006360244,1.110720678,-1.120230242,-0.277167374,0.717600322,2.887188373,-0.088697732,1.734519905,1.574981895,1.501468142,0.772822835,1.006136409,-0.833219247,-0.832806242,2.270597897,2.750644202,1.009346757,-0.176324842,1.107404919,1.075108117,0.1911844,1.370906688,0.661773123,0.293931243,2.86760046,0.65354764,1.082994036,0.229197445,1.177586823,1,0.849958321,0.368283718,0.539306736,0.717281149,0.984741419,-0.876093303,0.00888361,-0.260527604,0.72847467,20,3
4.539912507,1,3.034540008,-0.016124864,1.420588832,0.041936985,1.373886614,0.331728699,-0.666212214,1.619045906,0.906068329,0.827878119,2.07249175,1.222440684,0.850284008,1.888899562,1.821107181,2.354905005,0.089649094,2.466960348,0.617600383,1.598015375,0.926740141,-0.013057234,1.590246735,1.281400997,1.716461757,-0.236059953,0.345213779,0.659565549,1.539234473,0.347506316,0.808043374,1.199225269,1.766807179,1.49165933,-0.569664232,0.595490212,2.051109511,1.335805563,0.83195623,0.666111054,1.413559923,0.380280122,1.066057723,1.880547847,0.747328594,0.126041772,0.907018052,1.655128861,-0.575638509,0.40653258,1,3.034540008,-0.016124864,1.420588832,0.041936985,1.373886614,0.331728699,-0.666212214,1.619045906,0.906068329,21,1
13.31609222,1,2.572831075,1.786827028,1.817238333,2.501779485,1.327880967,1.285657687,-0.159571231,0.137905548,3.898392615,0.847720015,0.624191145,0.895804216,0.277288824,0.295676847,0.501529397,1.571187014,1.447220467,0.763896115,1.119364351,1.135529514,-0.111635997,-0.900730746,0.0777902,2.149125764,1.532592629,0.224105587,-0.31680711,1.592878518,2.268589296,2.398759613,0.699945426,1.373997986,1.147951155,1.548829479,1.557441544,1.435609428,0.636344188,1.757615746,-0.236616393,-0.289815157,0.758725537,0.022381401,1.727205017,1.561626663,1.53172024,1.598633258,2.815078273,1.61079337,0.903825604,1.470287629,1,2.572831075,1.786827028,1.817238333,2.501779485,1.327880967,1.285657687,-0.159571231,0.137905548,3.898392615,21,2
7.370623575,1,1.21549228,1.58620438,1.119931069,1.754011943,2.61028201,0.388718193,2.714305175,1.031549648,-0.612973755,0.559198391,2.366751814,1.478118077,1.177168889,0.330367793,0.947338516,1.409921982,0.574592828,0.14699564,1.928452632,-0.279173083,1.58389237,0.675733318,1.736272543,1.659644229,2.04172943,1.111175489,1.213353364,0.432659497,1.473614858,2.695942134,1.621816664,1.657059945,0.017153515,0.784339094,0.097902219,0.901868102,1.392225772,2.886685862,2.590784995,0.927460988,2.192262653,-0.752902839,1.138961513,1.817394001,0.008466644,0.367316155,1.049474827,0.670895954,0.699306816,1.398956198,1,1.21549228,1.58620438,1.119931069,1.754011943,2.61028201,0.388718193,2.714305175,1.031549648,-0.612973755,21,3
9.734219384,1,3.261357669,0.74278477,-0.355844348,1.640705945,1.596779078,1.425452869,0.384798862,1.253381318,1.175454609,0.934831725,-0.029130951,0.226578171,0.994967032,0.824740699,2.105867565,1.472144087,1.519196721,0.057553444,1.492564229,1.363229061,-2.080404348,0.247882697,1.248374166,2.196175338,1.083313686,-0.280375821,2.205946356,1.304418734,1.099422807,2.740652536,1.143612804,-1.329477631,2.227665135,0.572015166,0.416752252,2.75246337,0.859697583,1.854387475,-1.112782676,-0.352361184,0.894571249,0.951815791,-0.29936591,1.389712938,1.834572409,0.884095796,1.510541734,-0.909889561,1.295249466,1.487655102,1,3.261357669,0.74278477,-0.355844348,1.640705945,1.596779078,1.425452869,0.384798862,1.253381318,1.175454609,22,1
12.26137592,1,2.563405088,1.19897895,0.203296621,2.971322926,2.779554056,-0.739404933,0.109365957,1.462582181,0.435310414,2.158251723,2.030457244,1.48941813,0.609528015,-0.28029987,1.781508681,1.513037825,0.574939506,1.543544155,1.182389028,1.173031865,0.665793705,1.040690127,1.541072751,-0.019819639,-0.321607244,1.871359698,1.994054229,0.565988798,2.08750457,2.72664513,2.829427236,-1.517328189,-0.604855633,1.382386566,0.602969818,-0.03413279,2.170379632,2.101431881,-0.00616754,-0.723404895,0.86376101,-0.868741319,0.435394027,0.208455022,2.18769887,0.092417568,1.305125721,2.159762999,0.934804589,1.142269999,1,2.563405088,1.19897895,0.203296621,2.971322926,2.779554056,-0.739404933,0.109365957,1.462582181,0.435310414,22,2
4.31179973,1,1.440868787,1.672138702,-0.621139094,0.399047672,0.18813966,0.660971784,2.114597163,1.824173599,1.681970171,2.100659966,1.2934989,-0.400557613,1.474504411,1.654425763,1.356689175,-0.75667798,0.08492028,0.005553222,2.29707905,1.145783619,2.184674141,1.478492365,1.763019401,1.50170996,1.422688353,1.249165709,0.255770864,2.724101555,0.347815006,-0.633399741,0.839052841,2.619164213,0.143219485,0.612742111,2.117434919,0.595937486,2.346512641,1.78748769,-0.398215767,1.479771694,1.686841345,0.84167453,1.333160011,1.464567765,1.589556558,0.552505628,0.698286732,0.231575169,0.852886937,2.238831836,1,1.440868787,1.672138702,-0.621139094,0.399047672,0.18813966,0.660971784,2.114597163,1.824173599,1.681970171,22,3
7.984192123,1,1.134714893,2.553071032,1.607732843,1.045935677,0.819535206,0.989038742,1.672167331,0.909858279,-0.456672215,-0.815417946,2.086727145,0.46915756,1.457230958,0.378491341,0.569929902,2.356652943,0.275403169,-0.090654485,0.574265028,0.050050474,1.269003129,1.754455451,0.78056836,1.480797893,1.833212373,-0.864244662,0.545030027,0.352373379,0.970710623,-1.966676603,-1.049544236,1.230204428,1.326580825,0.300018222,0.164189683,1.973103241,1.33548081,-0.050270152,0.443965514,0.178811964,-0.45811609,1.275505552,1.226963264,1.818585996,0.638274614,1.183351257,0.232451417,0.666046786,0.824177437,1.052246316,1,1.134714893,2.553071032,1.607732843,1.045935677,0.819535206,0.989038742,1.672167331,0.909858279,-0.456672215,23,1
7.998296383,1,0.975234373,1.527415661,0.585432313,1.913460734,2.081386161,2.158075493,0.034572353,0.42584948,1.375833492,0.896605309,1.626014981,-0.446825558,2.310058743,0.384607222,1.545086027,0.974546072,-0.418047268,0.067713245,1.624686167,0.392416739,-0.960711102,-0.555382008,1.27596727,1.963223589,0.778218102,0.282629791,1.991168224,2.314151056,0.377681594,0.376692114,2.177528983,3.232058917,1.953464949,0.709753986,0.493141136,0.803328343,1.121424047,1.617110209,1.288393498,-0.126163789,2.877423437,0.181385579,0.487693142,1.159739938,-0.198672529,0.053198506,-0.39778917,1.339315035,2.061479215,1.339681621,1,0.975234373,1.527415661,0.585432313,1.913460734,2.081386161,2.158075493,0.034572353,0.42584948,1.375833492,23,2
3.870228453,1,0.104705616,1.473051231,-0.752200674,1.286823721,0.319282462,2.394641636,0.120933467,1.415114094,0.804352213,0.106015678,2.259654458,0.45522753,1.350208861,1.203695264,0.340192664,-0.266932839,2.061730351,0.829779202,2.194216728,2.71283068,2.068728306,1.758171728,2.310162691,2.206479568,1.934281329,0.130649921,-0.054056738,1.190543734,0.927345281,1.690105369,0.470294312,0.81020459,1.112656059,0.097677332,-0.82947617,1.017523538,2.399343984,3.707893641,0.606269333,1.356918432,0.842219813,-0.025679439,1.435008008,1.905728446,-0.117328138,1.322561451,2.322600908,1.328292706,0.899570704,0.890544628,1,0.104705616,1.473051231,-0.752200674,1.286823721,0.319282462,2.394641636,0.120933467,1.415114094,0.804352213,23,3
7.983735923,1,0.509527965,1.574575776,2.062215715,0.803285887,-0.741935089,0.283779362,-0.300810361,-0.326060233,0.128723521,0.913899445,1.099131634,0.65623306,0.672728929,2.143528931,1.221617669,1.576269391,-0.516026884,0.945443456,2.071801261,-0.428401918,1.903941673,1.820472907,1.717153122,0.815809188,-0.69475445,1.533166977,0.885756719,-0.164489638,0.393815874,2.571162914,0.544743962,1.512015023,1.355589455,0.285749337,0.120022359,1.669839808,3.130418364,2.004839848,-0.199674836,1.685067422,0.302229519,-0.198240493,1.746341988,-0.890737696,1.297707491,0.340728569,2.077651224,1.877917255,-0.820833438,1.18313881,1,0.509527965,1.574575776,2.062215715,0.803285887,-0.741935089,0.283779362,-0.300810361,-0.326060233,0.128723521,24,1
5.380762303,1,0.814277796,1.233031838,-0.446394229,1.622012924,1.501253798,0.545521927,1.251697186,1.006634697,0.399770592,0.115665417,3.681169538,0.663471534,1.374543054,1.110415349,0.442740512,1.324357358,1.04074726,0.781401619,0.41107782,0.271113345,-0.567396836,0.127055958,0.611807246,-0.933623069,1.200331508,-0.107175889,-0.912410718,0.05105049,1.544587635,0.669228513,0.702777233,1.688407451,0.084953946,1.038789424,0.699011632,2.740221691,1.488858839,0.109902289,-0.672130237,0.593871983,2.142584216,1.438265563,-0.073490529,-1.307086879,0.9212288,1.629639188,1.683592647,2.261189208,0.964588264,0.209412751,1,0.814277796,1.233031838,-0.446394229,1.622012924,1.501253798,0.545521927,1.251697186,1.006634697,0.399770592,24,2
4.750567187,1,0.365728504,-0.338986337,1.16205248,0.051977621,-0.01691269,0.777554842,1.187902147,1.58788252,-0.55492523,1.746681354,1.610094816,0.584342954,0.043445599,1.49894491,0.550501684,2.95969411,0.447753437,1.579801122,1.77569643,3.430006522,1.878885087,0.910905249,2.601966621,1.458340452,0.224001399,2.175772104,1.982792326,0.137153898,0.565604122,2.248675925,0.875252201,-0.635836782,0.04413327,1.166793725,-0.019375522,1.583872084,0.614059086,0.160283872,1.785982027,1.51287039,0.847442327,0.5431212,1.286966732,-1.358754078,0.830405879,0.862033636,-0.078211952,2.39349635,0.302589424,0.134183959,1,0.365728504,-0.338986337,1.16205248,0.051977621,-0.01691269,0.777554842,1.187902147,1.58788252,-0.55492523,24,3
6.00056703,1,1.429648328,0.455451086,-0.206337719,0.058098389,2.244314241,2.604906179,1.918367891,1.386829497,2.158816891,1.44976869,-0.920929427,-1.408325969,1.08369657,-0.011673028,4.453324257,0.681203602,0.777325508,0.41985985,0.695792224,0.66098608,1.614666699,2.454517668,0.749362276,3.044376003,0.286829262,2.759996664,1.218321783,0.761284752,-0.253747883,-0.786100376,1.59045426,1.445374404,0.617744964,1.760321072,1.036062868,0.661697413,0.531135007,1.28726403,2.283457485,-0.473501076,1.54018498,1.417343807,0.412276027,1.235638933,0.584208013,0.575847606,2.51361535,0.662796433,1.112101123,1.602059418,1,1.429648328,0.455451086,-0.206337719,0.058098389,2.244314241,2.604906179,1.918367891,1.386829497,2.158816891,25,1
8.506973028,1,0.371888089,1.844525328,-0.531898998,0.450744796,2.379524024,1.223981988,0.960124418,2.572094327,2.296118722,-0.657099242,2.203254073,3.675257394,-0.652051523,0.473181941,-0.280584225,0.28399786,1.200349629,-0.411622706,0.919748837,-0.043972545,0.973173982,0.536468679,1.162846246,1.363437839,0.785339833,1.887667586,0.497276753,-0.071961859,1.001011446,0.484452298,1.125823655,1.737409986,2.992360813,0.490067636,0.024863769,-0.187560397,1.705948635,1.932294692,0.251818122,0.821181569,0.783555665,-0.369706823,0.724123397,-1.13737976,1.074722048,0.327574194,1.508043652,1.601181951,0.742863154,1.507265405,1,0.371888089,1.844525328,-0.531898998,0.450744796,2.379524024,1.223981988,0.960124418,2.572094327,2.296118722,25,2
4.084858287,1,1.857955001,1.21625172,0.131053058,-0.241547831,1.926028954,2.3971292,0.709519178,0.040456117,1.120051139,1.627732159,0.255348106,0.962087968,0.884998738,2.312480655,2.90637348,2.119714204,0.287622357,2.181323168,0.211026479,0.720008154,1.238766605,2.169293437,1.368405392,1.437374937,0.288350554,0.914014782,1.897938523,-0.312450463,-1.133998303,1.355134831,2.586120378,0.685674227,1.859831648,-0.081110665,-0.320992396,0.502154176,0.114602587,1.10785485,0.762032158,1.662005904,0.869929973,0.445461499,0.099336058,1.426833455,0.075464086,2.388277895,-0.644125028,2.960570232,0.194659913,1.305758724,1,1.857955001,1.21625172,0.131053058,-0.241547831,1.926028954,2.3971292,0.709519178,0.040456117,1.120051139,25,3
2.643375305,1,-0.390351876,1.738981536,0.217443421,-0.200460285,1.475452783,0.515741858,0.833087836,0.563379964,1.561154679,0.451628019,2.091904671,-1.094808657,1.003334262,-0.086606704,1.167136043,1.254746759,0.473608001,1.164685167,1.221081741,2.422815643,1.356120742,-0.252186538,0.546842619,2.040864188,-0.882339107,1.894153726,-0.852788738,-0.150676261,2.5802498,0.546626559,0.172337171,0.264691316,2.037353798,0.635349819,1.048278033,0.261651109,0.379034529,1.944694785,1.392258026,0.861079974,1.322138402,2.501509936,0.620389911,-1.059833665,1.252050895,0.143043486,1.376928114,0.132156449,0.960313785,0.825611659,1,-0.390351876,1.738981536,0.217443421,-0.200460285,1.475452783,0.515741858,0.833087836,0.563379964,1.561154679,26,1
7.161809456,1,1.213809647,1.093569007,0.480248787,0.932525076,0.340630487,0.118630286,2.546552343,0.45184407,1.011269148,1.784389644,0.942917678,1.688939936,0.984602725,2.377797726,-0.90236554,0.007909422,1.247870088,2.062744709,0.366215125,1.381119633,1.629293504,1.800432796,1.116491336,2.331791471,0.728984547,1.679809175,1.767112287,1.317353357,0.7271184,0.685469706,0.419146526,0.222328317,3.432307231,1.499187683,0.594484703,1.574269671,2.116237937,1.367264139,1.68525891,0.318482242,2.408810873,1.209001122,2.282228143,1.305382165,-1.508247887,3.304977582,2.004019714,0.64922007,-0.539681086,-0.592424817,1,1.213809647,1.093569007,0.480248787,0.932525076,0.340630487,0.118630286,2.546552343,0.45184407,1.011269148,26,2
5.96321155,1,0.519179419,-1.470188798,0.056654346,1.226011656,1.562785101,1.075179851,1.31378167,0.218874878,0.029098248,1.273425153,2.027997898,1.583841699,1.588829684,0.262644253,1.308338118,2.001701454,-1.277978446,-0.168159061,2.397162038,1.105134222,1.825178178,-1.093899317,0.591975725,2.834000873,2.016253189,0.093101481,1.505646618,1.132049059,1.6860792,2.933039755,1.480013302,2.777540224,0.978627384,1.008535055,-1.366032692,1.400294651,1.290942306,1.454258976,0.008990896,-0.439240647,2.404584824,0.49859568,-0.860845709,1.95850256,-0.105929166,0.186317254,-0.262392522,1.825062711,2.793767711,1.538715821,1,0.519179419,-1.470188798,0.056654346,1.226011656,1.562785101,1.075179851,1.31378167,0.218874878,0.029098248,26,3
8.805810939,1,0.572531564,0.745364845,-0.136199356,1.498308299,1.389589794,0.408279662,-0.101043989,1.072491279,0.49568839,0.821600354,1.361644855,2.065335181,-0.519293089,1.528301149,0.62849091,0.846548884,0.147695961,1.600135029,-0.379590165,1.146375787,1.95233855,-0.451123321,0.293258601,2.288991284,1.727994766,1.068500347,1.012477025,0.061378468,1.538827809,1.28671771,0.170435711,0.51811518,2.409977788,1.735019494,-0.094035456,-0.946288276,1.646099715,1.89239294,2.454635533,0.179275988,-0.345783631,-0.123418779,1.129115464,2.251705631,-0.45686581,0.920123819,0.96699242,0.666246132,-0.014146701,0.050817279,1,0.572531564,0.745364845,-0.136199356,1.498308299,1.389589794,0.408279662,-0.101043989,1.072491279,0.49568839,27,1
10.95147422,1,1.429213413,0.167853626,1.347808527,1.188223416,0.208693054,2.836204773,1.497794034,0.681625154,0.773896954,-0.169101791,0.596031939,-0.621419559,1.535127442,0.539654888,0.017716533,1.828703137,1.221053152,1.13873074,-0.720770382,0.551908398,0.608733454,0.678909551,3.351819235,0.210200165,-0.117777803,0.899373082,-0.015685942,2.555886099,1.446494683,-0.178821476,1.306035978,1.265859105,-0.998338308,1.970398524,1.337247074,-0.219949571,-0.705652731,1.134136834,1.10598605,1.521706974,1.636480904,0.112534485,1.120998793,1.177284376,1.021966252,1.130760366,0.293344488,0.617248021,0.828001292,0.290597713,1,1.429213413,0.167853626,1.347808527,1.188223416,0.208693054,2.836204773,1.497794034,0.681625154,0.773896954,27,2
9.402228789,1,0.095354124,2.122285207,2.519964623,1.24673402,1.269244824,-0.45503379,1.615113316,0.535309277,1.059256864,0.58969704,0.734742432,3.874423208,1.301610457,2.111155998,0.992508659,1.227359789,0.654541834,1.825856342,1.611945472,-0.839330128,1.592740141,0.944308673,1.494563157,1.542047462,2.310247696,0.320605397,0.000850024,1.175407189,0.642318373,-0.674103838,1.548687335,-0.691687291,0.646506663,2.176229406,2.160439439,0.675009889,-0.225245713,1.429579353,1.90625449,0.500818433,0.82710696,0.929494895,3.211323937,1.190712681,-0.012463551,3.407909943,1.798609416,2.064865982,0.948044654,0.641374585,1,0.095354124,2.122285207,2.519964623,1.24673402,1.269244824,-0.45503379,1.615113316,0.535309277,1.059256864,27,3
5.820495568,1,0.148921373,2.964648984,1.165228035,1.009010845,0.241238868,1.404133451,1.26896575,0.256873295,0.596559667,1.548962406,-0.022295379,0.092874423,1.433746808,1.459351442,0.27733694,0.554033663,3.193054192,2.712377614,1.198927391,1.266594534,0.355666977,0.21157296,1.031874937,2.165534493,1.023354349,1.387958591,2.240060196,0.796987106,1.359452077,1.19257592,3.070129382,3.582526752,2.704876416,-0.690052967,1.836656047,3.24964823,-0.498602786,0.37584543,1.342211383,0.342557406,1.67885609,0.754060681,0.762695028,0.313081174,-0.476936429,2.212152444,0.144210056,-0.483285577,0.581279937,0.747933866,1,0.148921373,2.964648984,1.165228035,1.009010845,0.241238868,1.404133451,1.26896575,0.256873295,0.596559667,28,1
1.944197546,1,0.378240781,1.130720211,-0.233047548,0.260788524,0.322689322,-0.611439071,1.054241861,0.661078299,1.188901927,2.512595902,0.377984663,0.320179791,0.248493076,1.99625481,0.786506733,1.468709308,0.734884979,0.770521543,2.576982017,0.955946644,2.246597186,1.193658179,1.019301555,2.412672241,0.655485613,0.953446661,2.300789335,1.019175788,1.872247056,1.205186763,1.790061743,0.965704797,0.663900817,1.037599621,-0.393961951,-0.613156657,1.414245273,1.312095175,1.494559801,2.218481678,1.379339101,1.524823079,0.140790372,0.54669309,0.047004561,0.358434894,2.139526347,-1.08765192,-0.99633497,2.274774954,1,0.378240781,1.130720211,-0.233047548,0.260788524,0.322689322,-0.611439071,1.054241861,0.661078299,1.188901927,28,2
5.093719069,1,-0.132936367,0.531432629,1.940876905,0.42711376,-0.001300594,0.549740615,-0.229428239,1.745754141,-0.348403519,-0.709668342,1.643886406,-0.111540869,1.492913966,0.549181134,2.417601132,0.680518317,0.345073643,-1.090793694,-0.16104578,1.24146287,0.807246075,-0.43692723,0.576986627,2.082767601,1.579523864,-0.029098645,1.703284534,1.787893088,0.933967444,-1.553252172,1.039751443,2.522265872,2.259785092,1.16503547,0.122686246,1.012096588,1.003013697,0.735964911,1.278924292,1.691736119,0.412541117,1.134661473,0.55747989,2.008120288,1.289685336,0.825014004,2.564570109,1.818426796,0.239837409,-0.349544778,1,-0.132936367,0.531432629,1.940876905,0.42711376,-0.001300594,0.549740615,-0.229428239,1.745754141,-0.348403519,28,3
5.766808797,1,0.950928931,-0.511039871,0.390569622,1.846814302,1.21337295,1.31429495,0.3228825,1.498821815,0.48521413,0.20813777,1.942871687,-0.461150285,-0.674384239,2.025831411,1.570443876,2.02859397,0.213132029,1.899900032,0.66605233,0.885563279,3.302165897,0.0944314,0.908807272,2.785680391,1.229748373,1.146772877,0.521605278,2.061284143,1.007261184,0.572177449,0.542227682,-0.825044596,1.075361611,2.295549813,1.517913427,-0.224813573,0.03748834,0.999472656,1.65763761,2.227118189,1.198987235,1.567469245,1.518609469,1.458474058,2.063440047,1.234014167,1.773292467,1.153129667,1.88212327,2.943401559,1,0.950928931,-0.511039871,0.390569622,1.846814302,1.21337295,1.31429495,0.3228825,1.498821815,0.48521413,29,1
1.062753704,1,1.14868525,-0.108048445,0.158040315,0.68824463,0.623978769,1.852483949,-0.327900097,3.074903461,1.318796131,1.778384698,1.130243018,3.447275514,0.845938086,1.594157987,0.772543237,-0.042384291,2.590861028,2.4193589,3.192950375,0.879896704,0.065409495,-0.591936503,2.330795513,2.059042367,0.465469512,-0.505966644,2.146208266,-0.291627503,0.812995659,2.7967459,0.624284308,-1.252364901,1.732258327,2.27386531,0.518747872,0.520061997,-0.050254839,2.027475233,-0.015654079,0.247689837,0.273707905,0.69224707,1.653660229,-0.046815183,0.175239399,0.754582205,2.490811417,1.065055541,1.292054514,2.011074688,1,1.14868525,-0.108048445,0.158040315,0.68824463,0.623978769,1.852483949,-0.327900097,3.074903461,1.318796131,29,2
5.62503936,1,-0.70072004,2.281020904,1.99231789,0.739743147,1.239072446,1.991208673,1.88790356,-0.199116252,1.259527078,-0.046136257,2.124826123,0.469563968,-0.608144454,2.346199078,1.374876684,1.267812046,-0.204442501,1.693039416,1.641910151,0.217037444,-0.477106914,2.389108959,0.447139087,0.777941467,0.495863089,-0.001980598,-0.006892683,0.849877883,0.934674162,1.452421798,0.718164981,2.144361997,0.693907794,1.475671739,0.123854712,-0.13694434,1.148050621,2.235940101,1.172761914,0.895911997,1.53987394,-0.673627818,0.325465181,0.977127895,1.418147399,3.925072254,1.260796786,1.673433379,-0.545020794,0.28095494,1,-0.70072004,2.281020904,1.99231789,0.739743147,1.239072446,1.991208673,1.88790356,-0.199116252,1.259527078,29,3
6.458767031,1,0.819328527,0.883644375,0.792218502,1.940814434,0.948052103,-1.644181038,1.170368299,1.504774279,1.48905625,1.13483047,1.009460247,1.422546782,1.536773462,-0.616276694,2.276348075,1.671903373,1.276053355,2.262309903,1.520813807,0.072475033,0.433838795,1.181600976,1.656496919,0.62982733,0.250571285,-0.098681359,1.727626586,-0.293830593,1.035021439,0.307744291,0.556097642,2.292260142,-0.217993987,0.728603588,0.416806059,-0.508390824,0.777720151,2.265683538,0.148413152,0.706693388,0.057620262,-0.420260937,0.871630287,1.48266996,-0.949867603,0.540439473,0.841534466,0.911395187,0.426306923,1.860245582,1,0.819328527,0.883644375,0.792218502,1.940814434,0.948052103,-1.644181038,1.170368299,1.504774279,1.48905625,30,1
9.32665187,1,0.277567721,-0.227541703,1.439918891,2.454803082,1.631156131,0.522225427,0.450179396,-0.275918421,2.300378238,1.228787223,-0.602599495,0.189944394,1.312107114,1.869355628,-0.347236552,0.966410482,-1.101185009,1.220899294,1.176641566,1.058053644,1.955893892,1.684270642,-0.183743418,0.574381739,1.117760213,-0.264585783,0.996851376,-0.904049239,1.408237032,1.259231367,1.504760851,0.25296106,-0.43362905,0.941077748,1.226138723,0.69437811,2.110415007,1.881842996,1.697167215,0.318221599,0.491771092,1.595682862,1.978798774,1.941482379,0.882933283,0.839403952,0.328867368,2.137595832,2.353443148,0.691465371,1,0.277567721,-0.227541703,1.439918891,2.454803082,1.631156131,0.522225427,0.450179396,-0.275918421,2.300378238,30,2
3.25775076,1,0.599812841,0.627257212,0.63034572,-0.258213987,1.344140798,2.281478722,1.119859801,0.924202653,-1.288578502,2.408847835,-0.231286027,0.945013332,0.464448466,1.746643267,0.742837677,0.826671241,0.292906562,0.111886743,1.309260802,1.697814429,1.639521961,1.723193454,1.610624502,0.331822434,2.015517453,0.94352559,1.933754658,1.058015244,0.612097062,1.631914842,0.258275897,0.89414373,1.14707834,1.305022132,0.73789465,2.416085409,1.277314235,1.96608281,0.730624396,-0.141955523,1.518756214,-0.234317786,1.563629195,0.026301961,1.191871461,1.560325728,1.259278766,1.950358337,0.687018086,0.43810688,1,0.599812841,0.627257212,0.63034572,-0.258213987,1.344140798,2.281478722,1.119859801,0.924202653,-1.288578502,30,3
8.066718234,1,1.445245396,1.751580557,-0.594566356,2.709079194,0.170125175,1.816762463,0.834117469,0.96744071,1.163577287,1.285807379,0.539894357,-0.100680459,1.149669209,0.641081441,1.874343356,1.363094583,1.69682813,2.415606224,0.300997173,-0.85557269,-0.543938471,1.780251978,-0.047894445,1.093850739,1.192046332,1.293880797,0.216299502,1.755556887,1.470546079,0.063243793,0.283886572,0.619391776,2.881619576,1.659730226,0.349317948,0.511513028,-0.301431791,-0.108992415,1.676265408,1.63907559,0.831334236,2.433596427,1.636869575,1.081974388,1.527556966,0.530437923,-0.11811993,2.171450453,2.961686518,3.239755472,1,1.445245396,1.751580557,-0.594566356,2.709079194,0.170125175,1.816762463,0.834117469,0.96744071,1.163577287,31,1
2.750791434,1,1.34198757,1.112107144,0.140239819,0.153784296,0.488271159,1.874552748,1.304874876,1.625594618,1.074506315,1.742814778,0.50586303,-0.271618694,1.009982526,0.078886169,1.589949279,1.176364875,2.755086633,1.303465703,-0.350215407,1.580971073,1.870987882,1.348182593,0.661577659,0.823425802,1.959241964,2.334934684,0.08048387,0.97885951,0.864517652,0.560637362,0.145590971,-0.173559581,0.389454663,-0.132331967,3.554667987,2.071985975,0.849433286,1.758990873,0.720969129,2.529028208,1.609450578,0.0979757,0.13972965,0.491404529,0.991342172,2.372805719,2.128665778,-1.155548841,1.825265516,1.501639012,1,1.34198757,1.112107144,0.140239819,0.153784296,0.488271159,1.874552748,1.304874876,1.625594618,1.074506315,31,2
7.144446224,1,0.884703073,1.513920436,1.602310029,0.973448479,1.160483699,1.623566537,1.898534427,1.335986984,1.136012784,0.199215394,0.562504745,0.283044962,1.761644795,0.704202119,-0.488558123,-0.989919314,1.857092233,2.334097035,0.545559822,2.573355458,1.045912991,-0.23766228,2.425505742,0.903323794,2.482049292,0.636329097,2.741107611,0.367834998,1.098023421,0.326200951,-1.316739269,2.355011565,2.828314136,3.298559107,-0.009953717,-0.166580392,1.157210958,0.028892288,1.65165268,0.094138714,0.622172432,0.197916086,1.239604716,-0.376471556,0.594640938,0.138323677,1.534168282,4.570589841,0.238701914,0.926123697,1,0.884703073,1.513920436,1.602310029,0.973448479,1.160483699,1.623566537,1.898534427,1.335986984,1.136012784,31,3
9.637716682,1,2.179903661,0.792618322,2.147543432,0.084528253,0.372893089,1.128513244,0.487078359,0.875125118,0.897017379,1.325220612,1.498236316,1.496363548,0.860225527,0.788380935,1.576758676,-0.062114896,0.58290404,1.704968713,-0.356636232,0.063849423,-0.81661198,0.916939351,0.629755894,1.639795362,1.886180726,1.046745717,0.421432518,1.936773152,1.85282116,0.207385529,-0.092545675,1.777223836,-0.144422907,0.087669638,1.627129311,1.487325473,2.025405107,0.187040448,1.735619415,2.36517555,0.802333991,-1.115899744,1.604173159,-1.037163353,1.624273258,0.571721377,0.476639801,0.560725152,1.026774125,2.014674036,1,2.179903661,0.792618322,2.147543432,0.084528253,0.372893089,1.128513244,0.487078359,0.875125118,0.897017379,32,1
5.567036824,1,-0.06502686,-0.208967965,3.245168577,-0.049827687,0.578890744,-0.102988327,1.891453431,1.553028004,1.631618309,0.51089838,1.762663706,1.299761667,1.279045418,1.874220658,1.490325015,-0.464921132,0.488363769,3.111026866,-0.07911441,1.05703485,1.987095574,-0.327943534,1.047954163,1.00445299,0.08434052,1.084452824,0.493465041,2.691260745,1.979630858,0.839412958,-0.775804972,2.735476436,0.535444682,2.382730154,1.251765782,1.738151078,2.239454754,1.753741784,0.855411245,1.321976144,1.319906733,0.201248114,0.907560265,0.320934484,1.140125696,0.518068307,1.350065456,-0.643372536,2.204579857,1.011305983,1,-0.06502686,-0.208967965,3.245168577,-0.049827687,0.578890744,-0.102988327,1.891453431,1.553028004,1.631618309,32,2
3.233605557,1,0.813734063,0.742048635,1.12119276,-1.01735224,1.1215383,2.021306604,-0.478398441,1.712814951,-0.632236629,-0.183342352,0.065553846,1.426982632,1.026827833,2.098370997,0.07783954,1.781763193,0.72885878,2.41809664,-0.243380643,1.044850339,0.988941026,1.466863773,-1.609584133,1.089067639,1.238742672,2.72537478,0.736945664,1.091965554,1.253811075,2.696968375,1.607480284,0.406330329,1.095880364,2.267867967,1.940777133,1.162812065,-0.259333402,0.738081262,0.142722611,2.517659707,0.452218679,1.451906827,0.768868959,2.10776211,1.282018571,1.251833641,-0.878419648,1.636405579,2.810830083,1.539712059,1,0.813734063,0.742048635,1.12119276,-1.01735224,1.1215383,2.021306604,-0.478398441,1.712814951,-0.632236629,32,3
5.491911817,1,1.146689638,1.812483808,1.0688051,0.687670788,1.101119852,1.88508611,0.52687171,2.644890344,1.649011903,2.667048262,1.497140607,0.640292844,0.351322834,1.286220571,-0.12841341,1.842681117,1.178636531,-0.1399799,1.087536999,0.897163757,0.271833551,0.545219718,0.525665667,0.367585247,2.612873575,-0.101657425,1.465358051,0.995823487,1.434113823,2.043403917,1.158756846,1.11185687,0.204355058,0.915458218,0.380247281,1.367168572,-1.607662367,2.475473009,-0.138094806,1.532965697,-0.855245818,1.29713083,1.353809767,1.95863032,0.250608502,-0.694627181,0.727510726,2.099382604,0.175594729,1.349663279,1,1.146689638,1.812483808,1.0688051,0.687670788,1.101119852,1.88508611,0.52687171,2.644890344,1.649011903,33,1
10.25218076,1,0.652376035,1.21558766,2.063273914,1.868836671,1.216647343,1.50724112,1.577623228,1.190255439,0.225914517,-0.096494331,0.346544716,-0.008923795,0.396637607,0.975407826,0.254281261,0.320684495,0.290063003,3.892773405,0.352783267,3.069460161,0.331454046,0.788258429,1.237407503,1.713315146,-0.031139308,1.478895877,0.711750678,-0.24112364,0.177146605,1.019913237,3.780598361,0.18152347,2.638008215,1.504579782,1.409327842,0.991709205,2.166328855,1.086536696,0.48818386,1.239804388,0.86765345,2.726100674,-0.324515357,-0.935234352,1.827527397,1.152602732,-1.350881963,1.547722257,1.634978733,1.271854717,1,0.652376035,1.21558766,2.063273914,1.868836671,1.216647343,1.50724112,1.577623228,1.190255439,0.225914517,33,2
5.246580343,1,1.114135726,0.587167066,0.06925219,1.322112626,0.128573191,-1.958902903,1.33874792,0.950991637,0.611150994,0.450695975,0.421510862,-1.024232552,1.398123196,2.244440305,1.682097019,-0.036586151,1.62383457,0.040375258,0.172615207,0.279502522,1.495061285,1.269761971,3.153689025,2.282834916,-0.351608112,0.808058419,-1.093419618,0.469436275,2.485154618,0.702123917,0.000869591,-0.253559947,0.215838463,0.805000523,1.716385263,2.268073411,2.939790483,1.523741174,1.282941395,2.925233716,1.365536708,0.351387442,0.61004721,-0.172785968,2.353792799,2.164982923,0.615720136,1.558943808,-0.164809649,0.288531163,1,1.114135726,0.587167066,0.06925219,1.322112626,0.128573191,-1.958902903,1.33874792,0.950991637,0.611150994,33,3
7.968293078,1,0.59128037,0.969128526,0.02229255,0.972608924,0.958307928,0.694216925,2.108476011,2.007670934,1.078743158,-0.082465155,0.381555556,-0.601697617,-0.397727394,1.856706787,-0.164913696,0.376251424,0.784795024,2.004852747,2.276004699,0.39458401,1.2771752,1.648842387,2.90557498,0.645147648,-2.145211671,1.206506411,0.31607901,0.795841444,1.486658768,0.394866252,-0.889578464,1.718832722,0.421826523,1.184143675,2.416172338,1.183905768,0.878038263,1.422909271,1.414276756,2.536251686,1.867015901,3.047036621,2.25672068,0.853147359,1.384944719,0.308966206,1.394295268,0.739649054,0.674278698,0.837380895,1,0.59128037,0.969128526,0.02229255,0.972608924,0.958307928,0.694216925,2.108476011,2.007670934,1.078743158,34,1
10.8639598,1,3.081629675,1.734981552,1.02589446,0.137728926,2.256567829,0.458783139,1.58396072,1.285563879,-0.122477463,-0.136050082,2.587502544,2.423488442,0.782195235,-0.18876283,0.351495487,1.046979443,0.68250216,1.209678667,0.280590988,0.071177993,0.130718643,3.078062657,1.710507473,2.072143278,0.771000898,0.925499286,0.347945391,1.591946239,0.718261039,1.401150286,0.445696959,0.681338552,-0.27609766,1.077686348,1.050727794,1.555464159,1.084072739,-0.394062571,0.749202323,-0.242117329,1.122515943,1.866702725,0.627414224,-0.529587683,1.251994729,2.649375357,0.18497254,0.278307657,1.316544554,0.559475369,1,3.081629675,1.734981552,1.02589446,0.137728926,2.256567829,0.458783139,1.58396072,1.285563879,-0.122477463,34,2
12.19867975,1,0.063534239,2.987385629,0.938152458,1.829019329,1.583775307,-0.085996432,-0.575985159,2.736053812,1.123738132,-0.278686785,1.802534219,1.521002033,0.358213712,1.006192889,0.515082001,-1.515697901,-1.024448808,-0.310594175,0.611794129,1.823326357,-2.083426354,3.401257007,0.918144583,0.703460411,-0.571843193,0.899315954,-0.05468119,1.587947575,0.176901187,2.326908795,0.814513271,1.908483128,0.194760368,0.703907005,0.023604951,0.538009099,0.149379417,-0.24167292,3.600893928,1.762882427,0.098958273,2.133096219,1.564836778,2.374251419,1.798628247,-0.816557857,1.488299789,2.005863733,0.367071275,1.055936968,1,0.063534239,2.987385629,0.938152458,1.829019329,1.583775307,-0.085996432,-0.575985159,2.736053812,1.123738132,34,3
10.41113273,1,0.734598524,1.678544013,1.32186426,2.070630374,-1.424491491,-0.119941163,0.995719411,0.707349519,-0.606569916,0.744078897,1.826920894,1.411230353,0.490071467,-0.579714691,0.771346864,2.542543892,0.944639722,0.345549497,1.331971797,0.436811164,0.873766593,1.791126958,-1.32496912,1.19296534,1.062583543,-0.301078592,0.56581524,0.659141522,0.342850951,1.072307106,0.609100507,-0.086558291,3.352029838,1.746631127,2.074162074,0.166014613,1.608127265,-0.540878281,1.154527129,0.94506397,1.494530065,0.936947234,3.113819892,4.342209099,0.43740663,0.618326552,0.357494124,1.75628944,0.894965516,1.873475589,1,0.734598524,1.678544013,1.32186426,2.070630374,-1.424491491,-0.119941163,0.995719411,0.707349519,-0.606569916,35,1
6.666518142,1,1.342805258,1.143141748,2.708015315,-0.477463018,0.611485388,-0.812546086,1.625158288,-0.264460182,1.811696518,2.380668493,-0.738227288,2.00342901,1.147751933,0.722526061,0.036676191,1.043187431,3.133164012,0.361401629,1.354394292,1.326438601,0.086057424,3.664148761,2.134925008,3.156955944,1.727239149,0.22133979,2.402930179,2.129187222,0.978841614,1.421230518,1.697454004,1.536385196,1.426169504,1.669868839,-0.456738969,0.869491631,0.618574002,1.857205135,0.872618029,1.195664728,1.328113366,-0.362406149,-1.011013155,1.634475663,0.758457499,1.389253301,1.543319678,-0.81630377,0.794786717,-0.503309766,1,1.342805258,1.143141748,2.708015315,-0.477463018,0.611485388,-0.812546086,1.625158288,-0.264460182,1.811696518,35,2
11.24860757,1,1.193717775,1.60242553,0.36153358,0.828076345,0.455934203,1.179374782,-1.711877977,3.085368046,0.814006327,0.476528915,0.590798959,1.551687152,0.602163167,-0.023363101,1.277950671,-1.936512587,1.053687537,2.331119471,-0.145560259,0.868718321,-0.666479841,-0.4600324,-0.634675079,-1.152298689,1.028619803,0.29501794,2.132410455,1.424534752,0.480568889,-0.643976309,1.508512284,0.122619399,1.284025614,2.336192699,0.115143821,0.20318465,0.538248052,0.03820404,1.155494698,0.734913404,-0.172114215,3.374343904,1.102125901,2.717196347,-1.023146618,0.653632722,1.35033221,0.653739596,-0.814244349,1.796964691,1,1.193717775,1.60242553,0.36153358,0.828076345,0.455934203,1.179374782,-1.711877977,3.085368046,0.814006327,35,3
11.81364685,1,2.797791418,2.750627831,3.303022093,-0.536179933,0.507636183,3.548353573,0.844962545,0.249588622,-1.696482878,2.374904667,0.635180686,2.020240491,0.353477109,0.381425076,-0.560538683,2.987111451,1.772877971,2.447220621,1.072058579,-0.480273035,1.118051253,0.557559041,1.508807711,0.142561762,-0.65081085,-0.847018038,2.167040215,0.582836294,2.448558138,0.832480918,2.066365209,2.572143774,1.832719474,1.655135849,-0.315098046,0.935231412,-0.820464199,2.475222128,0.306056116,1.409424556,0.474687958,2.452798537,0.512131883,1.738616471,1.322465142,0.300556404,0.761210218,0.090156792,1.708637882,0.994684917,1,2.797791418,2.750627831,3.303022093,-0.536179933,0.507636183,3.548353573,0.844962545,0.249588622,-1.696482878,36,1
7.984675843,1,-0.533393391,-0.235503785,-0.244127961,1.218385291,0.953861736,1.555928398,1.218466558,2.935628881,0.541545959,2.67365915,0.960263137,3.367486012,0.24259284,2.435638625,0.375546302,2.304812931,0.833007788,1.082927746,0.878933743,0.465152744,1.376340568,-0.13405822,1.123901502,2.330885265,-0.266309729,0.024639758,1.036917612,0.637435279,3.793913727,0.854636886,-0.604235036,0.587281962,0.618489952,0.519646721,0.711009079,-0.055739419,1.391818556,1.379587562,-0.215164959,-0.521286847,3.238764293,1.131505524,1.538196877,0.980310781,1.298768078,-1.003756615,0.743341969,0.88308767,-0.424213272,1.15953955,1,-0.533393391,-0.235503785,-0.244127961,1.218385291,0.953861736,1.555928398,1.218466558,2.935628881,0.541545959,36,2
9.662703852,1,1.281496253,1.147209424,0.839061288,0.623616268,0.286697913,2.651557073,0.96946951,1.770247036,0.413213009,2.527543234,1.592355614,1.130871806,2.341550678,0.309079405,1.917009729,-0.536315629,2.349652523,-0.07280316,0.387721957,1.661122163,0.461335809,-1.116136467,-0.055194509,1.230759248,0.384443422,1.431076234,0.282280217,-0.127889897,-0.533361024,0.079531038,0.716947279,-0.864485245,1.880881532,0.270586213,1.243034168,1.355892108,2.070443522,1.121323645,0.261528579,0.565957617,0.24867244,1.692392492,2.614736128,-0.672709878,-0.29012475,1.436089084,0.660161662,1.020629679,-1.315574578,3.094381813,1,1.281496253,1.147209424,0.839061288,0.623616268,0.286697913,2.651557073,0.96946951,1.770247036,0.413213009,36,3
11.48309792,1,0.888143798,0.725489424,3.16595872,1.319870754,-1.485798464,1.369923933,0.324825403,0.230910963,0.202350283,0.793569846,2.654505976,0.922801559,2.309963449,0.453655697,0.048864587,-0.193226738,2.909725626,0.511881237,-0.035841399,2.472071109,0.513876202,-1.213825273,-0.377125131,0.5689598,1.322871749,-0.966085838,0.51435643,0.91061731,0.05695117,0.139158277,0.79242154,1.059101886,-0.092657764,1.401157253,-1.144718636,1.013671226,0.670242996,0.654955011,0.654615472,0.910321329,0.8459449,0.597719638,1.607346705,2.112360101,-1.238140665,2.227778778,3.228801098,-0.52239185,0.123748876,1.990913703,1,0.888143798,0.725489424,3.16595872,1.319870754,-1.485798464,1.369923933,0.324825403,0.230910963,0.202350283,37,1
1.641447632,1,1.337380816,0.700198583,1.083595099,-0.527349078,-0.307006135,1.937134102,0.82318525,2.36606435,-0.581795672,1.60665239,1.237898886,1.142942652,2.077085575,-0.732379587,1.356184516,0.784266702,2.09577647,0.897000854,-1.798973771,0.387579059,1.234253438,1.3691544,2.614162405,1.193875086,0.867654845,1.205433631,1.383364211,2.762939014,-0.650424581,0.756857343,2.54557338,0.685785657,0.558369191,0.773129634,-1.017597736,-0.000124009,1.78149577,2.502155189,2.703311919,0.482532069,-0.073680498,-1.396427073,0.427232118,0.353680881,1.696976071,2.455612748,1.698325731,3.808513394,2.372143883,1.446629888,1,1.337380816,0.700198583,1.083595099,-0.527349078,-0.307006135,1.937134102,0.82318525,2.36606435,-0.581795672,37,2
7.958750908,1,2.204146689,1.364510606,2.156729202,0.136910449,1.216281794,1.88052604,3.119292776,1.307080015,0.939153211,1.968806148,2.635740597,-0.026622164,-0.225989132,-0.805351414,1.35137382,0.860012647,0.028963831,-0.233433611,2.327430932,0.347657051,1.120001413,1.314267386,2.966935337,1.075694128,-0.021303877,1.988488011,-0.283708361,-0.435946476,1.360661755,1.876708648,0.890372563,1.172820574,1.06334514,1.330520881,2.461389355,0.199371633,-0.240440693,-0.791829653,2.422146761,1.899649832,0.863070187,1.048560858,1.417320574,1.648152658,1.970513371,0.425768888,0.75363815,-0.56814378,0.154702452,0.517388373,1,2.204146689,1.364510606,2.156729202,0.136910449,1.216281794,1.88052604,3.119292776,1.307080015,0.939153211,37,3
7.081252968,1,1.628228627,1.881702173,2.140454271,0.209560727,-0.448715523,0.679050465,0.419905764,1.076840755,2.215822021,1.065928918,1.815897698,0.95293888,0.79169465,3.130775599,0.685174059,2.092747195,1.123386054,0.126085561,-0.081175346,0.532093052,0.678946241,0.919233489,0.081902918,1.044764866,0.202529504,0.936317645,1.734694944,-0.136829501,0.174260166,-1.774673437,0.68139523,0.704000254,2.964316857,1.49691349,0.712506352,1.402060001,0.843315406,0.145963985,1.43108219,0.468428232,2.497186551,1.119476901,0.462644252,-0.049465554,2.658922112,1.152659668,-0.045507686,2.796042889,-0.745222951,1.582718232,1,1.628228627,1.881702173,2.140454271,0.209560727,-0.448715523,0.679050465,0.419905764,1.076840755,2.215822021,38,1
8.272418374,1,2.397356159,-0.039118395,0.911144417,0.74609134,0.929394234,1.552116918,0.753066241,0.96412296,0.607494242,1.932638422,0.723370205,0.400200064,1.69999264,-0.185048529,0.244063185,-0.806685221,0.474189097,-0.620243833,-0.000497308,0.383842858,1.504749465,1.123760614,-0.514167892,1.67305811,0.621660697,0.015393445,0.858198691,0.568917339,0.562906222,0.096602692,0.549167803,1.468509407,2.239408417,1.242357973,-0.381069928,0.744544163,1.365791289,1.965861267,1.679369641,1.274134831,1.273499302,1.059458576,-0.103946371,1.863500375,1.030249713,1.737964719,1.036874992,0.695630577,0.498923011,0.831865815,1,2.397356159,-0.039118395,0.911144417,0.74609134,0.929394234,1.552116918,0.753066241,0.96412296,0.607494242,38,2
12.27301659,1,1.959691139,1.589947411,1.51646287,1.690529988,0.661720133,3.124632879,2.990887988,-0.28763613,0.921193559,0.362339128,0.202359588,0.25718323,1.710982787,-0.178938198,0.047145622,0.004965781,-0.361208427,1.589839342,2.293167069,-0.891070351,1.751806788,0.64695586,0.751940012,1.36266648,0.537702835,1.08603856,-0.412197929,1.546825951,0.814996272,1.955698939,1.007669306,0.534821849,0.07474533,-2.020822065,0.451251101,-0.18796892,0.64339017,0.630590073,2.166609802,0.978932823,1.687786357,0.939324155,2.009882269,-0.342758014,0.567599731,-1.59806459,1.230521594,-0.530808926,1.043101028,2.1647489,1,1.959691139,1.589947411,1.51646287,1.690529988,0.661720133,3.124632879,2.990887988,-0.28763613,0.921193559,38,3
3.34199344,1,0.709514662,-0.245649196,-0.243341489,1.873772944,1.117718558,2.378689563,2.873166832,2.015907279,0.80485526,0.069709699,-0.300552345,0.761700587,0.152742893,1.685521762,0.978766267,0.078170179,2.31070055,0.191010024,1.205642821,-0.968952991,0.169026066,1.412016126,1.458711272,3.445689854,1.868976943,-0.737078721,1.129407901,-0.190999474,2.789580028,0.215780411,-0.93947469,-0.196653811,0.910925826,0.367728642,2.592520393,1.088810744,1.047862723,1.005442545,2.458871307,0.113624512,2.207501571,-0.801823137,2.612946713,0.774868363,0.692962022,-0.180548681,1.230342634,-0.667610186,0.934510954,1.361500651,1,0.709514662,-0.245649196,-0.243341489,1.873772944,1.117718558,2.378689563,2.873166832,2.015907279,0.80485526,39,1
11.61562579,1,0.576327151,1.698173049,2.817905795,1.771092896,0.583530248,-0.253191863,1.592305324,0.024671004,1.863201632,0.560433275,0.332249555,0.690765805,1.85103601,0.984389896,1.175530559,2.477003052,-0.276137574,2.021890241,2.21170777,-0.17099842,0.746475793,1.347835426,0.730956938,0.478869635,0.547402641,-0.716168771,0.848199022,1.817484823,1.403124972,0.412136943,0.87321524,0.601061311,2.399840332,1.463936476,0.758423145,1.180759396,0.08819612,1.713507841,2.477022802,1.111442012,1.954426888,-0.533331276,2.612366657,0.38116054,2.581733764,1.846159135,-0.025181496,3.240227787,2.654766205,0.549830785,1,0.576327151,1.698173049,2.817905795,1.771092896,0.583530248,-0.253191863,1.592305324,0.024671004,1.863201632,39,2
6.030653884,1,0.132316009,1.690772466,1.235056167,1.583054712,1.023448226,1.264618028,1.56207852,1.709102227,0.182081128,-0.213543121,1.507541729,1.876915104,0.945099351,0.667997806,1.959991347,2.065839642,1.455260361,1.175168644,2.057313414,-0.529132729,2.825410725,0.924954756,1.711278301,1.024112199,0.287531464,-2.220850743,0.896116569,0.473203503,1.578504778,2.763439265,1.705586806,0.401069445,0.354830823,0.131271954,1.197745455,0.957522796,0.085004103,1.744613191,-0.012830287,1.140649852,-0.42856016,-0.486823301,1.614357529,1.912113691,0.636949319,0.495946576,0.762514384,1.658403371,0.433956977,0.581838843,1,0.132316009,1.690772466,1.235056167,1.583054712,1.023448226,1.264618028,1.56207852,1.709102227,0.182081128,39,3
9.381238522,1,1.244211271,0.804455558,0.919618127,3.388544025,0.935194239,1.87003559,1.693070308,2.559516747,0.969280922,0.113815576,0.33831249,0.733844267,1.116376768,0.777583298,0.882543036,0.829812507,1.079357531,-0.103082284,0.605028687,0.70154394,2.158388031,0.576227043,2.897249352,0.035948666,1.375425779,1.147152429,1.105975872,0.824669701,0.889829819,1.540970565,0.585246609,1.097896081,-0.124772549,2.023039323,0.568762137,1.561566142,2.567803654,0.388880024,1.115822069,0.015973377,0.031685577,1.517019864,0.526254695,1.686271707,0.254888607,1.855684079,0.850035232,2.052214688,1.592814741,0.618082147,1,1.244211271,0.804455558,0.919618127,3.388544025,0.935194239,1.87003559,1.693070308,2.559516747,0.969280922,40,1
4.89800283,1,0.896636325,1.66401491,1.443126168,0.757372381,-1.496745138,0.778590578,1.02457147,1.182461087,1.227954323,0.990660543,1.508840009,0.257585571,1.129494757,0.942178459,1.05345495,1.406892393,-0.804279799,-0.876782291,0.840946041,1.028440164,1.976735193,1.104011125,2.490684813,1.521679829,0.328074404,0.559214961,0.452409588,0.336640595,-0.013554695,2.051162723,-0.33071087,1.749219854,1.498054372,0.551094017,1.549712741,0.418961375,1.325933784,0.024623465,-0.9541796,1.074227458,3.010848422,0.691209704,0.296626638,1.30587782,1.144314184,1.620790798,1.082265348,0.081873521,-0.245998651,1.315332767,1,0.896636325,1.66401491,1.443126168,0.757372381,-1.496745138,0.778590578,1.02457147,1.182461087,1.227954323,40,2
9.813871449,1,1.799917148,1.817054547,1.020940953,2.317906984,1.772995558,-0.226960951,2.735122668,0.24423279,0.37229305,0.553155256,0.508085765,1.209814166,2.274625374,0.48209655,1.220958548,0.883243016,2.886197788,-0.05779696,1.094681315,1.12126406,1.395122847,1.475803476,1.997375833,1.624856671,1.594493064,3.325546784,-0.08081076,0.108561952,0.131895061,1.400594764,1.80719169,0.43071514,0.78664248,1.489211413,1.185643941,0.253029108,1.077064213,0.528341972,1.064153363,-0.108727384,1.606804084,1.880759761,2.916521219,0.752728247,1.705960139,-0.383606558,1.43203576,0.97495097,1.416337051,0.789837482,1,1.799917148,1.817054547,1.020940953,2.317906984,1.772995558,-0.226960951,2.735122668,0.24423279,0.37229305,40,3
-1.791223512,1,-0.190826042,-0.000675024,0.015944854,-0.939905749,-0.38923168,0.171739098,0.644714371,1.559957282,-0.10395393,-0.202100264,-0.30078657,0.254132962,0.975936251,0.70648579,0.563618903,2.178084337,0.545910574,0.565550454,3.097200745,2.519484752,1.134338205,2.00733216,0.738304449,0.946090614,1.166363773,-0.273626645,0.867279864,1.489693018,1.232457035,0.878241967,0.974570263,1.325066745,1.673097683,1.552776441,-1.398411527,1.766051522,-0.415298191,2.634521314,0.736926829,1.584578362,2.199611587,1.301448117,-0.13498902,-0.465113851,1.930167989,0.336939008,1.360193868,-0.515419202,2.724522054,0.770868574,1,-0.190826042,-0.000675024,0.015944854,-0.939905749,-0.38923168,0.171739098,0.644714371,1.559957282,-0.10395393,41,1
5.396200669,1,-0.329060428,1.372848134,1.371616283,1.959408626,1.271186971,2.131117441,1.755936309,0.920420901,2.295282324,0.42470051,2.51680417,-0.649134914,0.64851161,0.256514069,0.347887025,1.331871718,2.406926266,2.721164072,0.179418516,1.18487938,1.195385765,-1.197828666,0.822492373,0.863810094,0.721512317,2.336194978,-1.051250418,-0.386993881,-0.293977661,0.771949763,0.687789702,0.215264949,0.693317932,2.464572939,0.726218611,1.349050533,0.973298517,2.710496808,-0.037218309,2.68151772,1.215752358,0.842771871,-0.27001481,2.406746445,1.299495828,2.576644842,1.668864243,0.851191148,1.55875484,1.472774214,1,-0.329060428,1.372848134,1.371616283,1.959408626,1.271186971,2.131117441,1.755936309,0.920420901,2.295282324,41,2
3.289081382,1,1.300393915,0.880688532,0.946428046,0.545662191,0.887526225,1.139540958,0.426696909,2.908636245,1.370486304,0.211674832,1.238007657,-0.40512596,1.28309995,1.555847136,1.309075967,0.102257161,1.94114489,0.394944224,0.883087947,0.915113213,1.193544196,0.306838663,2.377871245,0.750559892,-0.832096524,0.440858832,2.71436046,1.58418336,2.860773399,0.956490301,0.833359155,2.850255087,1.039510913,2.470936786,0.827875506,0.971881131,0.662119266,1.212730247,2.136648359,1.038662041,2.243929481,-0.190310817,0.879334972,0.264050964,2.933351343,-0.732819397,1.464904644,0.845140267,-1.862068802,0.195678696,1,1.300393915,0.880688532,0.946428046,0.545662191,0.887526225,1.139540958,0.426696909,2.908636245,1.370486304,41,3
1.02216648,1,0.126991321,-0.149209322,0.655110294,-0.210687124,2.343731374,2.021639334,-0.1663026,2.927067398,-0.234014699,1.156531719,1.459549511,1.789700667,1.568981738,0.994958138,1.236839901,2.437889799,0.421992734,3.152976608,1.43471831,1.416540635,-0.280202705,0.646742169,2.636956562,1.88344583,0.462479612,-0.138368221,0.496884591,1.197066336,0.905413043,1.296447097,-0.168912129,-0.787608607,0.168853877,1.278644895,1.169104094,-0.025439258,-0.65797717,1.062321228,-0.260099113,0.528890014,3.231594556,-0.54993875,0.018668022,2.418576221,2.704391006,0.764914972,0.293733982,1.362871396,1.570134601,1.226987513,1,0.126991321,-0.149209322,0.655110294,-0.210687124,2.343731374,2.021639334,-0.1663026,2.927067398,-0.234014699,42,1
4.121696725,1,0.884851889,0.189829118,0.255250495,0.841746017,1.836569785,1.600652619,2.304146422,1.905932484,0.170599754,-2.100184705,2.731642955,0.54855186,0.514676913,-0.123663884,0.582088426,0.552353227,1.64493162,0.762391948,0.91783718,2.632832324,1.139274274,1.496319346,1.059618564,0.558017234,0.780567727,-0.632067792,0.593718892,1.91113329,1.038835943,1.667061341,-0.787173126,-1.046707816,0.559311189,2.252709488,0.776736445,0.412483983,1.220102569,2.493087371,0.808724106,0.581651272,-0.056149394,1.135111282,-0.180878708,0.624203253,3.037811066,2.193106196,0.280082617,1.375638367,0.40957631,0.595222065,1,0.884851889,0.189829118,0.255250495,0.841746017,1.836569785,1.600652619,2.304146422,1.905932484,0.170599754,42,2
3.638334094,1,0.319343089,0.576565018,1.44123589,-0.75575604,1.994025127,0.857257318,1.759571041,-1.505780345,0.381567098,1.437878411,1.015703834,1.642686414,-0.176266471,1.235714185,-0.038138554,0.631573183,1.512757375,0.842662205,0.862944816,1.395098872,1.51058792,0.853124549,0.471172085,0.247750782,1.010185206,0.118067843,1.870008984,1.3331125,3.189320714,2.756756287,1.17919583,0.230338608,1.321497486,0.241508289,-0.324665021,1.806228953,0.226623177,0.082205581,1.629006952,1.481261794,0.958294551,1.197416044,0.948530702,0.947099622,1.798143475,-1.093719238,-0.338957026,1.345225858,1.230448478,1.674061164,1,0.319343089,0.576565018,1.44123589,-0.75575604,1.994025127,0.857257318,1.759571041,-1.505780345,0.381567098,42,3
6.218332534,1,1.754844759,1.862813748,1.585524639,-0.209338668,1.195939146,1.339928015,2.266869393,1.398091779,2.613255794,1.379052664,0.17133168,1.997555473,1.000695047,1.088244967,-0.451333717,-0.492099921,1.269654255,1.082661362,1.552159897,-0.155620431,0.967756755,1.827514936,2.097851309,1.704403512,0.892833653,0.286693868,-0.457062284,0.075880532,1.563778471,1.199693246,-0.057668847,1.317984786,2.078112832,1.096189951,1.656927799,0.750739752,1.358676132,0.408793862,1.318470921,1.733255795,-0.030578892,0.213910542,1.716376478,1.077003073,2.436042028,2.064214413,2.046868894,0.639833004,1.533594756,0.886024568,1,1.754844759,1.862813748,1.585524639,-0.209338668,1.195939146,1.339928015,2.266869393,1.398091779,2.613255794,43,1
6.755654368,1,-0.326366913,-0.061052625,1.981086363,1.047957409,1.530213681,-0.252176205,1.709972674,1.238037975,1.610686168,0.983963702,2.233965865,-0.792600571,0.795294305,2.534314167,2.401499535,0.958055214,1.084065571,1.255184443,0.385955533,-0.256165827,-0.103779487,1.160864502,1.35760886,1.681038031,-0.229221291,2.398755952,3.655572218,1.548454675,2.124308796,0.64128545,-0.132765116,-0.06568559,0.141702347,3.441648152,0.778480431,1.397875884,0.536040968,1.799091376,0.685059097,0.160412427,0.335254287,2.499176909,1.454533379,1.90143147,-0.524194007,3.17449534,1.652764784,1.44259278,3.02616788,1.865160319,1,-0.326366913,-0.061052625,1.981086363,1.047957409,1.530213681,-0.252176205,1.709972674,1.238037975,1.610686168,43,2
3.547791974,1,-0.387307072,0.996964522,-0.538503468,2.231945549,1.494010305,-0.444365624,-0.600955724,2.881139344,2.851561075,0.377148065,2.407545108,0.725037024,1.466475714,1.670747639,2.117919487,1.27141386,0.053840007,-0.054071942,1.559973013,3.373486694,3.458983667,1.062477105,1.519579062,1.947911649,-0.374466804,2.392955508,1.32545319,1.03706382,0.14256499,-0.609977496,2.336684725,2.332380183,1.420840943,1.46045047,0.998396855,2.034232306,1.384698404,1.267713933,1.595889501,1.53655582,-0.206755444,1.117277707,-1.934683489,0.939272846,0.025186956,3.240812779,0.363866768,-0.301227866,2.085550473,1.53242635,1,-0.387307072,0.996964522,-0.538503468,2.231945549,1.494010305,-0.444365624,-0.600955724,2.881139344,2.851561075,43,3
5.924122132,1,-0.567470902,-1.334662276,1.88511468,0.524297049,2.005968921,2.859593686,0.432347293,0.975179611,1.153233332,0.462927646,2.536832739,0.306525343,1.33833624,2.671751201,1.87893572,0.715599218,3.908145483,1.813704659,-0.418102677,0.376921387,-0.131546459,1.038729385,1.686085967,-0.411077718,-0.60620037,0.481077848,1.422743947,0.877172475,1.4596643,2.419017343,0.241080108,0.9613802,-0.209327027,0.98297748,0.508084053,0.46065394,0.132244439,0.857579026,1.297932706,1.888057824,0.657580193,1.700017622,0.379710179,1.080058565,-1.951104993,-0.136662219,0.745602776,1.432626734,-0.040564958,0.144863486,1,-0.567470902,-1.334662276,1.88511468,0.524297049,2.005968921,2.859593686,0.432347293,0.975179611,1.153233332,44,1
7.917053184,1,0.682203753,1.957615376,0.295721149,2.841561637,2.838571281,-0.208700592,0.877853405,1.54567288,2.529279314,0.860690562,2.202423576,-0.316573637,0.451094044,0.785435282,-0.068391383,0.862931534,0.328682358,0.64416277,0.037492493,2.066704675,-1.165440581,1.287844085,0.842946076,1.212559016,1.456666128,0.714851161,-0.963107076,0.938004377,1.96121943,0.357244273,2.414043235,2.605563225,0.23704806,1.199632454,0.284362622,1.761595302,0.87311443,1.876126595,-1.576266488,0.072470861,2.136592111,0.854695865,1.681582426,0.743175761,1.224396461,0.758703617,1.958172027,0.842995801,-0.56890527,1.65814034,1,0.682203753,1.957615376,0.295721149,2.841561637,2.838571281,-0.208700592,0.877853405,1.54567288,2.529279314,44,2
7.063865454,1,0.384955785,1.324060905,2.062601469,1.052379564,1.307791254,-2.027656598,0.325262523,-0.453309585,1.695508383,0.327778615,1.155457775,1.630148345,0.572762177,0.1599162,1.75894107,1.309960276,0.598530853,0.97528708,1.705530759,-1.320894745,2.967969899,0.674048901,-0.637667294,0.55140001,0.730114487,0.106874139,-0.24495526,1.882663903,1.860840515,1.847621029,2.516310688,0.477969024,1.746978998,1.95369577,1.44762641,1.75143029,1.581841105,-0.5010761,1.507924262,1.340226206,1.32505033,0.048356692,0.32610242,0.146155575,1.97288803,2.195335049,1.000579706,2.029098401,0.362533773,-0.439076774,1,0.384955785,1.324060905,2.062601469,1.052379564,1.307791254,-2.027656598,0.325262523,-0.453309585,1.695508383,44,3
3.979785867,1,-1.359926104,1.15203691,0.63799808,1.149481082,1.608356574,0.94516169,1.724593721,0.796251721,-0.146726762,1.025749493,1.031411468,0.840561769,0.643645089,0.310513081,3.205271699,-0.769616256,0.30050089,2.770398539,1.368261524,-0.30866607,3.248143219,2.031697961,2.428438284,1.545426995,-0.028185936,0.821385387,-0.881833028,0.474653646,-1.81998479,0.050758432,1.552487671,1.350290972,1.782433638,0.388721215,1.822480684,-0.604160623,0.370475121,2.985316099,2.234213546,1.003685581,2.257123154,0.02747955,1.923084066,0.785715355,0.367726212,1.20622538,-0.028903085,2.976800455,1.742490721,0.21836023,1,-1.359926104,1.15203691,0.63799808,1.149481082,1.608356574,0.94516169,1.724593721,0.796251721,-0.146726762,45,1
7.568257302,1,1.494346003,1.64981638,0.231567296,1.054624327,0.464429544,0.671911157,-0.297068708,-0.688880238,-0.06816716,2.081789157,0.506920302,-0.845960379,0.332650404,0.844357382,1.468436265,0.978238662,3.0501623,1.143554666,-0.029728028,0.279063616,0.298174609,0.909171521,1.474699516,0.845348213,0.034201826,2.603974094,0.444842443,1.467984092,1.669633586,1.480261956,2.061928183,-0.956106094,1.366434891,1.409339443,2.295286289,1.622658607,0.430408627,1.470192509,0.663559782,0.065560906,0.349736958,0.255724646,1.094899473,-0.088899771,2.308865252,0.96765806,1.094887387,-0.923878743,1.576821144,-0.553321889,1,1.494346003,1.64981638,0.231567296,1.054624327,0.464429544,0.671911157,-0.297068708,-0.688880238,-0.06816716,45,2
7.748030937,1,0.652324212,1.543687131,0.127888486,2.362902756,0.084857467,0.371925436,1.462363647,-1.600223823,1.259531602,0.559673228,-0.013921801,1.260442456,1.713324574,2.482486843,-0.699340464,1.451229581,1.330516881,1.019708716,1.265049439,2.015759367,2.387528634,0.725892131,2.160938707,-0.2739029,-0.52783582,1.519123419,1.253787133,-0.210288136,1.925377086,-0.466208656,2.984347497,0.789620959,1.941096014,1.098815509,1.517837814,0.521490576,1.180269068,0.669499374,-0.202439402,0.130150428,-0.42465167,1.109420336,-0.095579101,1.418013845,0.828427716,1.243753247,2.450518454,0.341137208,0.273198541,2.343025611,1,0.652324212,1.543687131,0.127888486,2.362902756,0.084857467,0.371925436,1.462363647,-1.600223823,1.259531602,45,3
7.881349005,1,1.912322551,1.993153444,-1.492204285,1.071364666,-0.045202758,0.625239183,0.197599399,2.396137862,0.972015474,-0.030590189,-0.149661544,0.568571601,1.040399079,2.708499198,1.107788243,1.862626109,1.12754379,2.085790956,0.696554573,-0.642568898,-1.053531561,1.845254901,-0.235544187,-1.514197168,2.132687468,-0.421275096,1.893811919,-0.360295146,-1.083777713,0.577596474,-0.925559723,0.422160377,2.339169567,0.289783443,0.259832319,-0.740100054,2.419223473,1.44506892,1.300002299,3.243045229,1.47778953,0.874746378,0.669315686,2.023662356,2.436609597,0.029190005,1.325967621,1.91929306,2.624612432,0.812745948,1,1.912322551,1.993153444,-1.492204285,1.071364666,-0.045202758,0.625239183,0.197599399,2.396137862,0.972015474,46,1
10.6418079,1,0.037079969,1.516533438,1.163804161,1.306232323,0.800055523,-0.077498588,1.051977902,2.336815644,2.259479244,0.842327629,1.481090129,0.003424933,2.051818339,1.005775151,2.060571596,1.980842787,1.82321903,3.147960378,2.307418046,1.113309583,2.712347322,2.39258627,1.823542951,0.88592024,1.688539164,1.286860011,0.973013569,1.670365982,0.091133835,0.047880427,2.949812137,1.452654957,1.604125028,2.814894673,0.881005435,-0.173532461,2.357124786,1.080885866,-0.526478665,1.088454413,1.94726428,0.708186031,2.199123168,1.240794519,1.568974975,2.246097989,0.316977575,0.921721741,1.105109887,1.915768987,1,0.037079969,1.516533438,1.163804161,1.306232323,0.800055523,-0.077498588,1.051977902,2.336815644,2.259479244,46,2
10.98078703,1,2.718292639,2.15841579,-0.463629309,1.244346685,0.047203884,2.311017892,1.919656262,1.89781394,0.123829907,2.517651454,1.401146285,2.022007504,2.894699145,1.32150221,1.210903987,0.078483058,1.889492313,1.700648286,1.366202155,-1.158722935,0.785189713,2.549815255,-0.588743096,3.21560614,2.235912246,0.914871173,0.930318297,1.509573712,1.635332766,2.94410766,2.208638197,0.535638647,0.367461361,2.317390197,-0.062152012,1.047767651,2.207610953,2.630441873,2.102341518,0.205970907,0.980466821,0.50270693,0.192149596,2.604057143,0.2166042,1.130991507,0.713978376,1.047371292,1.744282244,-0.155804185,1,2.718292639,2.15841579,-0.463629309,1.244346685,0.047203884,2.311017892,1.919656262,1.89781394,0.123829907,46,3
3.834346962,1,0.436729542,0.747819202,-1.053289539,1.518400151,1.286645102,-0.311048645,1.717571279,-0.400671462,0.969964684,2.085523806,0.62485767,0.268011207,0.44728673,0.369027242,1.11825702,2.211984896,1.124815422,2.655908679,1.072866162,0.519109004,1.5225157,0.13078859,0.709479961,1.537531036,-0.091647575,0.98671512,1.959879298,0.951965425,2.039421904,2.802200217,0.41463302,1.428190154,3.542804052,2.439103363,1.991078672,0.360839362,0.587871822,1.188992752,1.95010729,1.598529718,2.193145262,0.887204389,-0.424317922,1.21162811,1.208765899,-0.481436097,1.104085472,1.811787269,0.823868766,1.16387096,1,0.436729542,0.747819202,-1.053289539,1.518400151,1.286645102,-0.311048645,1.717571279,-0.400671462,0.969964684,47,1
11.53660243,1,1.326094913,2.074279325,1.931452945,1.2700251,-0.053151205,-2.122825155,0.349978565,1.579236545,0.966374021,0.077969147,0.559323082,-1.274172239,0.813857869,-0.590110829,1.391413141,0.270060676,0.174266678,0.698617044,0.894136781,3.099047573,3.309261063,-0.632425903,0.984899662,-0.202397324,1.608967645,1.525119441,1.226866826,-0.816853579,0.792015397,0.869586437,0.037605645,0.153100395,2.007364414,2.003035093,-0.834654627,-0.912111889,2.044658717,0.544950391,3.169963608,-1.255708603,-0.512761102,-0.42675596,-1.122422835,0.3029965,0.880173935,0.117305018,1.128395784,0.394319106,0.222089688,2.669391739,1,1.326094913,2.074279325,1.931452945,1.2700251,-0.053151205,-2.122825155,0.349978565,1.579236545,0.966374021,47,2
7.281067827,1,0.751365386,1.15383794,0.434078971,1.314139329,0.690992777,1.542887733,0.125747543,0.131990427,0.223916829,-0.035728987,1.333931484,2.390189309,-0.252336536,0.912507412,0.946725941,1.38294565,-0.384123546,-0.528010533,0.302031727,1.224394635,2.64497226,1.308705246,1.260969078,1.256759866,1.586999254,-0.712145055,0.022983274,0.599669524,1.977203658,0.084704419,1.432728468,1.695394656,1.194893183,1.293507309,0.423236113,2.200724766,-0.125748081,1.345480853,0.350104066,0.501306789,2.011708124,3.649406773,0.997702778,0.613736573,0.521028459,0.426693802,-1.256852718,0.920854971,0.8360096,1.290636492,1,0.751365386,1.15383794,0.434078971,1.314139329,0.690992777,1.542887733,0.125747543,0.131990427,0.223916829,47,3
9.717931286,1,1.774434835,1.277871615,1.682983602,1.564211902,0.598830295,1.028645517,1.263424359,-1.405144969,2.876581235,0.339686311,2.195463268,1.680333748,-0.658487046,1.719125162,2.523493801,1.444032783,1.947737562,0.593584928,1.361608381,1.177157424,2.20248405,-0.668755165,0.444078408,1.654926677,1.163214448,-2.042458522,1.892156927,0.547324798,2.915165974,1.174572762,0.100899746,1.367019452,1.327212018,-0.387197098,0.937055349,1.930726589,0.525686864,0.679648143,1.636989389,2.340864743,1.892867108,-1.489796849,0.996673044,2.961838364,0.492315784,1.389893458,1.413122915,0.751806421,0.774236461,0.80348367,1,1.774434835,1.277871615,1.682983602,1.564211902,0.598830295,1.028645517,1.263424359,-1.405144969,2.876581235,48,1
14.17950865,1,3.501752341,0.694051585,-0.265843256,2.563877141,-0.569914193,1.1549521,0.912661999,1.403648084,0.394149064,1.768479286,0.882292904,1.849314378,-0.201859187,0.622790182,1.925450111,1.284145353,1.111167436,-2.11163059,1.37519703,-0.234771886,1.562451778,2.323349487,0.238910786,-0.333599402,1.006083018,2.093916175,0.626070373,1.713900353,2.197447565,2.066764071,1.042671888,1.576358238,-0.503052182,-0.417790655,0.689579203,0.083871693,0.892763736,1.604574534,-0.99576861,0.530437566,0.072716907,1.433805498,0.8529011,0.605494294,1.042342955,2.188898395,0.39446004,1.113108032,1.075218043,0.441020108,1,3.501752341,0.694051585,-0.265843256,2.563877141,-0.569914193,1.1549521,0.912661999,1.403648084,0.394149064,48,2
9.71025943,1,1.612640464,-0.503130487,1.383252099,0.706270056,0.525727182,1.257208011,2.915113882,0.555557788,2.256094617,-0.348345752,0.902937482,0.985356273,0.65729101,0.006684282,1.573136493,1.588527636,-0.225307448,0.808221053,0.882850935,-0.969770404,1.024497567,1.706064403,2.315329155,0.278294993,1.090166555,0.219277314,2.214715915,0.597597635,0.676883968,1.264679683,1.399919114,1.419550964,0.646988935,1.487129339,1.546474155,0.336818904,0.850445031,0.455240252,1.453295761,0.643455104,1.073561516,0.371877947,0.891110758,-1.34968167,2.006728237,1.626429631,0.381276234,-0.266564968,0.454828886,-0.75789553,1,1.612640464,-0.503130487,1.383252099,0.706270056,0.525727182,1.257208011,2.915113882,0.555557788,2.256094617,48,3
5.315810203,1,1.610735801,-1.343751304,1.503166773,-0.186759652,0.646163793,1.506547277,0.687620795,1.094516365,0.581249742,0.596837297,0.519247306,2.42029446,0.893279458,0.248518629,0.358176197,1.957911712,0.384363052,-1.463522218,0.648003434,2.189055736,1.50236079,0.585961699,1.501633033,3.228141181,3.159372434,1.331664933,-0.157197623,-0.433390432,1.825227593,2.039598982,0.612451635,-0.59661257,0.532710795,1.519671833,1.235138407,1.04980466,1.134764455,2.130892221,0.916031433,-0.087470897,1.552229843,2.454792473,0.412605886,2.027161879,0.071261019,1.899293762,1.228647128,0.797578893,1.2961838,0.643678104,1,1.610735801,-1.343751304,1.503166773,-0.186759652,0.646163793,1.506547277,0.687620795,1.094516365,0.581249742,49,1
3.671403202,1,1.00929263,1.262916371,-0.826522018,1.630276788,1.528091291,2.748710933,0.427744407,-0.724575239,1.288042978,0.630573023,0.758090641,1.931003231,0.12177454,0.964014007,1.925970439,-0.491706795,1.120729296,1.962269204,1.331912785,0.31105007,-0.312995697,0.505367095,1.534000403,-1.249126325,1.185275165,0.873565037,1.925444103,1.779958277,0.895643386,0.789551839,1.807036944,0.349449858,0.239552819,0.003477045,-0.062779808,-0.838747602,1.873473,2.830148945,0.460565676,0.305949405,1.097197488,2.472872411,0.271650758,0.699123894,0.670550851,-0.272027892,-0.11469029,1.442525101,0.156033903,2.032836896,1,1.00929263,1.262916371,-0.826522018,1.630276788,1.528091291,2.748710933,0.427744407,-0.724575239,1.288042978,49,2
5.269196928,1,1.19992431,0.039683059,-0.256132532,1.842940482,1.589053332,0.761831596,0.977534142,0.861741456,0.825433987,0.018448852,2.100085178,0.841247291,0.502528161,-0.211422494,1.999350757,0.675104821,1.2266803,0.542679656,0.260068312,-1.601001474,2.921645742,1.238445785,0.418847396,-0.382477332,0.748778667,-0.316406689,0.768698419,1.584682493,1.150125568,1.977785852,1.671045706,-0.291115524,0.911527735,-0.222902314,1.216588003,1.508085911,-0.57509214,1.739512713,0.102422721,1.317586208,0.664475394,1.81405758,0.028254497,0.329547179,0.914622096,1.566550767,0.09329096,-1.935860675,2.007491229,1.751055578,1,1.19992431,0.039683059,-0.256132532,1.842940482,1.589053332,0.761831596,0.977534142,0.861741456,0.825433987,49,3
5.828635701,1,1.75441302,1.442478282,-1.015931172,1.098859647,0.431575888,3.408713995,-0.886792327,1.064971864,-1.012134462,0.085178267,1.722092558,2.443900958,-0.734333124,-0.705836829,1.073493029,2.166530066,-0.022092993,0.325902498,2.176994126,-0.357015699,2.319621987,0.954538905,-0.117283028,-0.010263332,-0.630531208,0.247802486,0.121733771,0.554415472,1.474045151,2.126878542,1.697656728,2.16274624,0.225597133,1.475738085,0.964358924,1.987487904,-0.241675286,1.28692756,1.410265161,1.032790396,1.560087919,2.075209968,1.086092967,-1.21533618,1.230333102,0.497670302,-0.779854935,0.419593815,2.454992291,0.733944898,1,1.75441302,1.442478282,-1.015931172,1.098859647,0.431575888,3.408713995,-0.886792327,1.064971864,-1.012134462,50,1
11.33107895,1,1.207691957,-0.281773839,2.080977965,1.165199531,1.451920999,0.59088262,-1.756013033,0.364834573,-1.124045133,1.970421393,2.263754644,1.619578779,-0.020563709,0.885867886,0.257907499,-0.74837836,0.766011086,1.677539505,0.845210266,0.692920346,1.949157244,0.873369128,-0.103966544,-0.036072281,0.599009035,1.672189193,0.058914878,-0.600755775,0.74391165,1.742657247,0.750909268,1.730305171,1.089206613,-0.205323329,0.467796662,1.849901866,-0.614515356,0.394565068,-0.142358505,0.137456322,1.546686952,1.285657173,0.315216065,1.79530671,2.376339295,2.710102393,-0.017256343,1.857439662,-0.315738781,1.901662404,1,1.207691957,-0.281773839,2.080977965,1.165199531,1.451920999,0.59088262,-1.756013033,0.364834573,-1.124045133,50,2
-0.155913127,1,1.419697064,0.048674205,-0.470030446,0.436510041,3.781057119,0.789711493,1.967077886,1.43791437,2.893630967,0.714967893,1.44508824,0.690873929,1.363988547,-0.065700419,2.242506223,0.438577342,1.33805378,0.479408142,0.495296833,2.424966539,2.006232623,1.194333205,-0.007261412,1.881879094,-0.376730588,-0.18932334,0.646140764,1.425973132,0.980167706,0.248447515,1.922962125,0.844650832,0.033358922,0.202980426,1.551054879,0.284950038,1.560203934,1.566741265,0.685355386,1.637264309,0.314117197,-0.134954607,0.819057718,1.107691308,-0.097686032,1.555103265,0.211663388,1.022733029,0.046409147,0.727252125,1,1.419697064,0.048674205,-0.470030446,0.436510041,3.781057119,0.789711493,1.967077886,1.43791437,2.893630967,50,3
-9.191657083,1,-0.38862597,1.428876185,1.452805017,2.153103647,0.420736608,2.688974723,1.949532053,0.857585119,1.571569335,1.83937336,1.648985636,1.163314737,0.797194963,-0.414102512,-0.013063455,0.278956264,0.156135131,0.879938847,0.20416345,-0.035033682,1.429002654,0.484604635,0.352700603,1.282444444,-1.802747536,3.574015019,0.903732247,-0.002019612,2.697229223,1.019060292,1.748284522,2.229436515,2.887786246,2.494760378,0.366087083,1.024003382,-0.309039269,2.929917537,1.565680123,-0.476471762,1.431565663,1.764329758,1.04858633,2.098875801,2.735349326,-1.744540083,0.582212131,1.034653834,-0.55642415,1.384520504,1,-0.38862597,1.428876185,1.452805017,2.153103647,0.420736608,2.688974723,1.949532053,0.857585119,1.571569335,51,1
-9.804128389,1,1.259571612,0.8978487,0.901647662,1.17137095,1.594321817,0.681685516,1.823207664,0.488982937,0.281951608,0.530352737,1.522250748,1.954139091,0.280064274,1.193831221,1.867654403,-0.124805881,0.332536595,0.602679637,0.626791095,-0.076215855,0.31363882,1.010451179,-0.022056867,1.963104944,1.010400846,-0.130321435,1.156302548,1.055618518,-0.108889374,-0.573869898,1.512317143,2.101550522,0.608420981,-1.399269803,1.178699271,-0.570212941,0.735421861,3.395584818,1.484770392,1.839414622,1.634407952,1.211326826,0.861304146,1.262498705,0.331658665,0.929550084,1.632381709,3.473258971,1.714793123,1.130800538,1,1.259571612,0.8978487,0.901647662,1.17137095,1.594321817,0.681685516,1.823207664,0.488982937,0.281951608,51,2
-14.09399655,1,1.725606752,0.474437172,1.98352362,1.748679592,0.74016435,0.999215348,2.594335732,0.73577711,1.421625098,2.319129674,0.281495255,1.579057118,1.762700115,1.304099989,1.093172654,-0.989045474,2.334748494,0.506601621,0.91363306,2.375703662,1.978136106,1.700847231,0.249201506,2.143466429,1.777958852,0.817295578,2.038921525,2.565372444,2.037228726,0.903964942,0.165634931,1.68588786,-0.054981336,1.655765754,2.015416111,2.077046399,1.516223835,0.124433603,0.615133556,1.24152182,1.195696009,2.943814306,0.27080557,2.052268919,0.013177947,1.651354256,0.969787244,-1.027983494,1.793260488,0.250557665,1,1.725606752,0.474437172,1.98352362,1.748679592,0.74016435,0.999215348,2.594335732,0.73577711,1.421625098,51,3
-9.380061223,1,0.82605931,1.485664754,-0.632191456,2.924712276,1.791895638,1.986424982,0.797429813,0.711855254,0.866475574,1.42806091,2.300061582,1.083245071,2.237441949,0.954334792,2.717685764,0.824170151,-0.386358507,0.815110871,1.150244279,2.019179403,1.773270223,-0.015390163,0.176241561,-0.07521428,1.382377178,1.677992209,0.958362602,0.718125168,-0.524374987,1.611350948,0.698389925,2.162756846,0.83051949,1.932803918,2.1535571,0.554457238,0.190625827,1.845217969,2.376885056,1.756710844,-0.072941942,1.318482074,-0.228808195,0.700041866,1.754278759,2.276874887,2.404358166,2.11489967,1.478345496,-0.274688417,1,0.82605931,1.485664754,-0.632191456,2.924712276,1.791895638,1.986424982,0.797429813,0.711855254,0.866475574,52,1
-8.353890782,1,0.785579077,0.630134091,-0.550521614,1.028113147,2.569556649,0.053570614,0.216630108,1.557048698,2.272095203,1.446263517,-0.28931218,2.471358431,2.010798191,0.873006928,1.111328781,0.780788741,1.582911179,0.660139767,2.066550921,1.172893999,3.707462553,-0.126306175,1.13416386,0.147129223,1.94315474,0.328313394,0.871505325,0.148539018,1.669412879,0.722274527,-0.908841142,1.152456441,-0.855450156,1.031527656,-0.085320815,-0.068984941,-0.742882882,0.844797099,0.810844262,1.068366361,1.667817951,1.627807997,1.275512731,0.085848146,1.282899458,1.62814644,-0.173571384,-0.087226843,1.55387033,0.470108042,1,0.785579077,0.630134091,-0.550521614,1.028113147,2.569556649,0.053570614,0.216630108,1.557048698,2.272095203,52,2
-10.79319933,1,2.300875778,0.517607902,0.885061342,-0.35278479,1.929066001,0.212674546,0.579024182,2.061988486,0.128122979,2.136980608,0.748838055,1.15823606,3.183273669,0.69678016,1.184874212,0.17889575,1.085212491,0.443657474,2.745410171,-0.239076827,-0.059512602,-1.041823906,0.772762991,1.089902105,1.53080728,0.387408061,1.627446997,2.343293446,0.378267254,0.325541423,1.584704088,3.485410604,-0.220122441,1.479318571,1.856727342,-0.240063028,-0.340464535,1.07192703,1.937847896,2.584123089,2.514702341,0.910728202,1.026768035,0.153764948,1.069051125,1.089419528,0.823981659,1.852084411,1.533533688,2.03477993,1,2.300875778,0.517607902,0.885061342,-0.35278479,1.929066001,0.212674546,0.579024182,2.061988486,0.128122979,52,3
-11.2393574,1,2.136091284,-1.114752542,0.258097008,1.408730809,1.950534467,1.326041466,0.70496103,0.232984415,2.724933411,-0.37446212,-0.583438811,0.740890127,0.996364181,0.681927871,2.04125797,-1.218421436,2.152369376,1.469179208,1.759705309,0.343007419,1.610528586,0.050655814,0.444405492,0.525547978,1.229437024,0.933766549,-0.433020162,2.474738141,-0.908267697,2.548017628,1.737514997,2.396857436,0.121316847,0.969158763,1.847627898,2.052504218,-0.225113496,1.228636408,1.398942641,0.275807514,-0.733616683,-1.909958537,1.429827974,2.631739519,2.403325969,0.217526086,0.758063185,1.630573887,1.546019593,1.611007309,1,2.136091284,-1.114752542,0.258097008,1.408730809,1.950534467,1.326041466,0.70496103,0.232984415,2.724933411,53,1
-12.15882088,1,1.736854879,-0.397510248,2.60620501,1.272526015,2.577406969,-0.242790754,0.99698864,-0.848116357,3.69787901,0.354842088,0.319330685,1.890432609,2.36936302,0.35650694,-0.288887186,2.938716117,0.730719442,0.549597356,0.047042125,2.367141467,0.639281687,0.491088094,2.194820903,1.825926234,0.394468458,0.863145324,0.101752565,2.900826836,-0.90632067,2.084642636,0.587026381,1.964015808,0.809048249,1.135646324,2.594590909,1.201862062,0.286033638,1.340344974,-0.22572806,-1.106848835,0.765110118,2.093420433,-0.297993534,0.545351173,1.252182505,3.041750525,3.108220297,-0.211986958,-0.569992655,-1.403754866,1,1.736854879,-0.397510248,2.60620501,1.272526015,2.577406969,-0.242790754,0.99698864,-0.848116357,3.69787901,53,2
-12.06429652,1,0.46894369,1.812754431,2.001209374,1.369617809,1.979738964,1.635650839,-0.387968991,1.261655385,1.188903063,-0.041590593,0.801388988,-0.201710721,1.681011588,0.213848367,1.463642392,1.338389859,1.83741336,2.085340365,0.957811916,0.952165431,1.880922314,2.20771923,-0.075623661,0.984054254,0.700588373,0.951481023,0.186211709,2.427616011,1.811817698,1.090779383,1.875966152,2.138158602,-0.135207452,2.566339928,-0.147465858,-0.766851917,2.769824904,1.000962745,1.882012475,1.548684912,-1.819219086,0.449930732,0.757508492,0.951559596,0.859109993,2.191995674,0.500343225,0.942421811,1.122452766,1.260920164,1,0.46894369,1.812754431,2.001209374,1.369617809,1.979738964,1.635650839,-0.387968991,1.261655385,1.188903063,53,3
-6.925715894,1,2.77752544,-0.01341018,-0.336469619,0.279208135,0.13412369,1.161877567,0.877238343,-0.651373194,0.58192018,2.025006027,0.134248682,1.442628933,1.743513119,2.116478116,1.092428239,0.915747673,0.326743559,1.713217111,0.643640079,3.091192517,-0.009374928,0.751293199,1.971953229,-0.146353114,0.6131445,2.197730943,1.968008935,1.935416222,2.140177606,0.192186363,-0.497502654,2.484781497,0.499420262,3.288914589,3.631540294,-0.752012393,0.594454736,1.126860297,2.101525143,-1.2993343,0.908594269,-1.065085251,0.552716457,1.108371541,0.465840979,0.763288633,1.274585381,0.127529347,0.146012531,1.588539257,1,2.77752544,-0.01341018,-0.336469619,0.279208135,0.13412369,1.161877567,0.877238343,-0.651373194,0.58192018,54,1
-8.603375458,1,1.510903129,1.008482889,0.220412512,0.68579029,0.573514422,1.201129956,1.225758073,1.048781199,0.611849663,0.685369955,-0.229171908,2.312679075,-0.674493861,-0.054296701,1.363722068,0.930067723,1.142346108,1.02167685,1.885253424,1.651923656,1.808272676,0.128991486,0.16380281,1.070368454,0.081802763,0.993291194,2.111819519,1.161834496,-0.911326849,0.969940679,2.18704515,0.530272169,0.424204537,0.360196073,-0.971720824,1.098589045,0.697977126,0.623584645,3.045453278,1.398931489,1.729369236,-1.022359738,1.686345738,1.400720276,1.848490086,2.377514228,1.399536282,1.154054429,0.074272059,1.956545368,1,1.510903129,1.008482889,0.220412512,0.68579029,0.573514422,1.201129956,1.225758073,1.048781199,0.611849663,54,2
-7.027865952,1,-1.389643226,2.072826531,1.587221948,0.514786165,0.918893162,0.544007933,1.606765733,1.636035243,0.046783866,0.314791966,1.139811348,2.159843603,1.158584243,0.645400838,1.770017977,1.718419783,2.30554628,1.957943652,0.094315508,2.527638863,1.795295561,0.754403013,2.634753945,0.592068511,0.013530444,0.155141005,2.977327315,1.059283044,0.1622152,-0.54803567,0.819651273,3.031404762,2.818975433,1.860617439,0.094303937,1.448416336,1.024207434,2.932173845,1.030566685,1.156860071,-0.57996447,0.040464567,1.087752018,0.713253082,1.368005569,0.794226056,1.700351671,0.426566664,0.370808434,0.071421852,1,-1.389643226,2.072826531,1.587221948,0.514786165,0.918893162,0.544007933,1.606765733,1.636035243,0.046783866,54,3
-5.532589738,1,1.847553774,-0.238048813,-0.053414776,-0.455109775,0.760795578,0.105316682,-0.182855553,0.007715247,2.764356579,1.632733072,-0.192541706,0.992629352,1.177708443,1.446770792,0.4113565,-0.459662186,-0.481103362,2.302418564,0.611856328,0.619144727,0.837790386,0.989398322,0.376355786,1.258998006,0.31329758,0.323730379,0.569916548,0.094563825,1.79683336,2.001611751,0.454030628,2.074312914,0.475057773,-0.367047657,0.797144215,-0.796117877,2.051809852,0.139207439,1.025206043,0.076052834,0.109801319,0.623423287,1.421437221,0.572129886,0.58579527,0.959335103,0.659056052,0.866357771,1.174555609,-0.67815364,1,1.847553774,-0.238048813,-0.053414776,-0.455109775,0.760795578,0.105316682,-0.182855553,0.007715247,2.764356579,55,1
-9.536845895,1,2.031616798,0.197004573,0.845020422,1.138067338,2.110955788,2.787216666,1.477245947,0.122360744,2.144447889,-0.135529169,0.807555858,1.332262384,1.009406512,1.496397776,0.995658889,-0.122411741,1.598319145,0.761707931,1.46167818,-0.010892471,-0.166436027,0.715261135,0.167672949,1.131504094,-0.484797078,1.081124804,-0.310346897,1.994569614,0.01699444,0.33259405,-0.196578864,1.142451906,3.213185187,-0.752508321,0.367625079,0.646814012,1.026554845,1.032692023,-0.002290344,-0.271414901,-0.043616188,0.5164733,1.878686194,1.4803195,1.34022998,-0.022647936,1.331985141,1.842830953,2.494552258,0.193391441,1,2.031616798,0.197004573,0.845020422,1.138067338,2.110955788,2.787216666,1.477245947,0.122360744,2.144447889,55,2
-6.881053343,1,0.59620725,1.682000746,1.142321787,1.220900614,1.886913891,-0.920344514,0.338312866,1.630500326,-0.948099441,2.013068553,0.499732579,0.25226119,-0.56016602,2.494709177,2.754384664,1.434359779,1.633405128,0.134877964,2.179791519,1.839561441,0.571101025,2.255439983,-0.726340648,1.636386639,0.594151002,0.256621646,0.765628258,0.638223902,-0.260337139,0.569586596,1.168348088,0.860423872,0.726838142,0.77908348,1.326612226,0.911933735,0.80532034,1.254076262,1.539373955,1.450245481,1.273091763,1.207259684,2.269323184,1.536498457,-0.360429693,2.685054389,-0.213367886,0.500847566,-0.676711254,1.349606422,1,0.59620725,1.682000746,1.142321787,1.220900614,1.886913891,-0.920344514,0.338312866,1.630500326,-0.948099441,55,3
-9.044399862,1,0.677808999,-0.531344194,1.030209683,1.542420873,1.271455193,1.595282023,-0.434125349,0.648497351,1.967202893,0.655428321,1.62701222,1.611849182,1.180474364,0.006643606,1.064844181,0.801644446,-0.023881767,2.018675849,0.257016935,0.729174833,0.361770056,1.883552817,0.905560189,-0.301557228,-0.117012028,1.027576417,0.03670044,1.573382875,1.70901234,1.008311428,1.805816261,0.745504514,1.693437317,1.521566655,-0.055317987,3.359624062,0.501082288,3.498790393,1.354196285,1.543491119,-0.070863058,1.128331776,1.391761152,1.385820099,0.447999862,2.271432297,1.07277633,1.8529346,1.285102283,2.249758779,1,0.677808999,-0.531344194,1.030209683,1.542420873,1.271455193,1.595282023,-0.434125349,0.648497351,1.967202893,56,1
-8.667848062,1,0.695965761,1.107726337,1.003699857,1.293623483,0.585224,0.591572397,0.270060144,2.817973429,0.485950342,1.966112501,0.774633077,0.934161757,0.179211832,-0.240854352,2.446050285,1.528727937,1.632167322,2.243262008,1.339664505,1.151582673,0.865874093,1.783442192,0.380781695,0.168236348,0.058748108,0.679009651,-0.377766644,0.660796548,2.010417785,1.824017722,1.405471282,-0.183412878,-1.197266652,-0.781915091,2.503765462,0.451864449,2.461056779,0.664278311,0.126564911,2.239243563,0.867388804,0.114801285,0.042267853,0.773947135,2.37851338,-0.35029965,2.559454962,1.803659529,0.27149124,0.690420272,1,0.695965761,1.107726337,1.003699857,1.293623483,0.585224,0.591572397,0.270060144,2.817973429,0.485950342,56,2
-10.26837733,1,-0.000481574,0.431887707,2.715579037,1.765648447,1.004154871,1.556966976,0.286682299,0.73144941,-0.169218386,1.214151119,1.244574033,2.206780694,0.700347213,0.544286326,0.714797731,-0.247942866,0.872566417,0.397094955,1.682771426,1.050011006,-0.384736438,0.523512093,3.292183929,-0.961744206,0.228430798,2.292683455,-0.031820549,1.761562048,0.172512319,1.442672984,0.636433594,0.782807718,0.635765399,-0.56581312,1.422120201,1.862144487,1.408047079,2.040067538,1.933556171,0.585653988,1.355907942,1.565282515,0.503552566,1.674208358,-0.347215421,-0.461181684,0.416480288,0.948430364,1.322858192,2.480725184,1,-0.000481574,0.431887707,2.715579037,1.765648447,1.004154871,1.556966976,0.286682299,0.73144941,-0.169218386,56,3
-3.980317046,1,-0.817053445,0.379333872,1.120499441,0.337324434,0.911286256,1.335075708,1.165333419,0.646588304,2.420097073,-0.395856939,0.725249998,1.093186714,1.152985266,1.153290062,0.35480161,0.860246008,2.71785398,0.848308529,2.631748444,0.613128641,0.530761164,1.419281982,1.610528394,0.651467796,1.67190096,-0.002975787,1.703998622,0.746208721,1.37063661,1.019234988,-0.545972599,1.396589407,1.367206928,-0.230236884,0.085969855,2.490723444,-0.635657137,0.862781591,1.103649019,0.093279989,1.063204579,0.214523077,1.075530192,1.178084045,0.827125732,0.163383017,0.487671981,1.642247979,-0.346767827,1.29714068,1,-0.817053445,0.379333872,1.120499441,0.337324434,0.911286256,1.335075708,1.165333419,0.646588304,2.420097073,57,1
-7.638993303,1,0.137754849,3.53856062,2.031908554,0.817163342,0.807170718,1.55864559,1.090505264,-0.674523938,0.490005611,1.959903994,1.072434144,0.305690455,1.581261914,0.567582515,0.942908823,2.955655924,0.82839582,0.944677765,1.830558086,0.262291192,1.610087875,1.183969598,0.563407189,1.180409773,1.59711231,2.537358696,0.358690134,2.051329427,1.764723912,1.258075365,-0.469236983,-1.315720065,0.659557112,0.497795718,1.471891974,0.989968776,-0.301170349,1.59170613,-0.752728785,0.139875322,1.642660613,0.101430882,0.671564321,1.063984046,-1.037568059,0.448142826,-0.307204474,-0.339681274,-1.808346814,1.2408181,1,0.137754849,3.53856062,2.031908554,0.817163342,0.807170718,1.55864559,1.090505264,-0.674523938,0.490005611,57,2
-7.993551401,1,1.678359367,1.676215747,0.744539441,0.558793948,0.769953303,1.791760224,1.550116472,1.618986301,2.472352049,0.997974171,1.726478937,1.567803239,1.271376396,1.916459403,-0.499750686,0.159622603,2.40339342,0.889947143,2.208478164,1.632775622,0.438715025,0.429268742,2.478347531,1.526635902,0.659295767,0.270492459,0.348967154,0.74901253,0.21640097,2.729773494,3.167396351,0.378108069,1.38330181,-0.26879473,-1.43190367,0.999699983,0.996085192,1.992735034,2.140877258,1.378306851,0.268589043,1.380186246,1.66796187,1.655254148,1.834289453,-0.080187541,1.573691876,1.835658611,-0.053435355,-0.406640148,1,1.678359367,1.676215747,0.744539441,0.558793948,0.769953303,1.791760224,1.550116472,1.618986301,2.472352049,57,3
-8.93654061,1,0.371831404,0.888795261,2.431400717,1.081609774,2.088711518,2.044954416,2.393245887,1.698439712,-0.500575389,-1.32615011,0.202583672,1.299563907,2.496954074,-0.244088443,2.230386944,2.180202969,0.811041858,1.454463925,2.337109571,1.749943653,1.736760743,0.664029766,-0.235986035,-0.013034985,2.396966238,1.812321259,0.318259499,0.4935091,1.207175739,2.564094693,1.545441761,-0.734026298,0.889144191,0.755745734,0.397107719,-0.152375408,1.790403788,1.140840944,0.710341,1.644135499,1.800818878,-0.013361688,-0.225310287,2.309208842,2.155819043,1.816426622,0.333381007,0.931264637,0.783989974,1.814456364,1,0.371831404,0.888795261,2.431400717,1.081609774,2.088711518,2.044954416,2.393245887,1.698439712,-0.500575389,58,1
-2.592712512,1,1.084798331,0.625096008,0.227072859,-0.404528218,2.197379809,1.35182894,1.500340711,1.020853174,-0.057618462,0.568644297,1.417077479,1.028471821,1.112162966,2.011880855,2.33200151,0.673384937,0.957442344,1.095784404,2.731869457,0.828002301,2.788911959,0.331349467,1.794860865,-0.025835464,-0.396518719,2.537104486,-0.339408649,2.497596129,0.302362941,1.13280136,2.27742196,-0.102389534,2.454893459,2.735191754,1.913110887,0.485940125,1.464788818,0.184113524,1.045521997,0.870280003,-0.079679338,-0.052711543,1.849798052,0.647086761,-0.368949231,1.779709361,-0.109832323,2.367098594,-0.069257068,1.434461129,1,1.084798331,0.625096008,0.227072859,-0.404528218,2.197379809,1.35182894,1.500340711,1.020853174,-0.057618462,58,2
-11.94599875,1,1.945726766,0.772998532,0.456246064,0.963661774,2.055995985,0.3096743,1.680235213,-1.037860135,2.073340277,0.967074037,-0.287135135,1.051567281,-0.450282518,1.541366631,1.610790635,-0.458286551,1.031945183,-0.650577776,0.188653679,-0.015497015,1.885966789,0.491484559,0.179933006,0.206242349,2.017506486,0.413416708,0.163882091,1.243039448,-1.389650241,1.645938689,1.122245143,1.943703722,0.01156913,2.585695279,0.062446594,0.989660722,1.462891397,1.18740775,1.632483609,-0.697773414,0.320653469,0.924668636,1.325177128,-0.314934768,1.445129145,1.019976618,1.554787145,1.660551769,0.65065219,2.029463152,1,1.945726766,0.772998532,0.456246064,0.963661774,2.055995985,0.3096743,1.680235213,-1.037860135,2.073340277,58,3
-13.87132721,1,2.242609934,1.055373611,0.959661964,1.773842345,1.790150779,1.143126072,1.447478291,-1.213224041,1.293205227,1.83128628,1.844285083,0.112945047,0.217497285,1.103807423,0.643056378,2.539760471,-0.1980911,-0.121293331,0.582554196,1.570160437,2.703722445,2.029249827,-0.515613715,1.649377555,2.277110623,1.078595219,1.150900415,1.123748286,0.307336387,0.15698281,0.862783168,-1.268148574,-0.114631347,1.201688305,-0.215363203,0.414023848,-0.35259413,3.084031985,1.195028294,0.435846786,-1.148483884,1.063249195,-0.290544356,-0.179117222,1.178101766,1.500956836,2.405577212,0.103157839,0.452542233,0.761213309,1,2.242609934,1.055373611,0.959661964,1.773842345,1.790150779,1.143126072,1.447478291,-1.213224041,1.293205227,59,1
-9.220241994,1,0.667562376,0.888621533,0.772689862,0.773693697,0.958181776,2.109289831,0.740163116,0.41514443,1.082309496,-0.346209676,2.490196865,0.551334069,2.587696584,0.089550056,1.093140136,2.59224093,-0.091403855,1.73621354,2.097527226,0.952079557,1.982651327,1.019044733,2.545494656,1.080767996,1.827255116,2.388876562,2.28107321,0.568073495,2.473714766,0.134842197,-0.263817749,-0.720558307,1.408046034,2.228919044,-1.000015896,0.958701392,0.85993761,0.495037876,0.357463095,0.808652502,0.748607843,0.798326374,2.600926595,-1.042799236,1.233032005,1.521248925,1.427811107,0.277109378,-0.325432438,0.082573948,1,0.667562376,0.888621533,0.772689862,0.773693697,0.958181776,2.109289831,0.740163116,0.41514443,1.082309496,59,2
-12.19910328,1,1.927331357,-0.545917045,1.210578755,0.417459782,1.189591636,0.327997016,0.648517031,-0.542984949,1.393488641,0.187742427,1.002913642,-1.05909014,1.034917675,-0.66325096,-0.619119597,0.707769661,0.202245553,0.262833811,1.97709183,-1.06690125,-0.738819687,-1.895770357,1.063635353,-0.217129847,1.228742411,1.632940471,1.794142052,2.019051892,2.210237965,2.234922885,2.311162751,1.232412351,-1.844647813,0.8481446,1.114498509,-0.76253254,1.070434726,1.13953773,1.692791236,1.01637739,2.77693713,0.410632103,1.654365711,1.567361959,-0.880976692,0.230617075,0.798579423,2.398861926,1.074095829,1.584295018,1,1.927331357,-0.545917045,1.210578755,0.417459782,1.189591636,0.327997016,0.648517031,-0.542984949,1.393488641,59,3
-3.760339678,1,0.684440411,-0.5145581,0.09849751,0.758507095,0.599555095,1.56085091,0.565949667,0.142095991,-0.671291414,1.277865599,-0.430160978,0.103979666,1.613451835,1.114888453,1.364828896,0.556248936,0.614232815,1.053234942,2.360048665,1.754633455,-0.038279953,1.416230277,0.213340687,0.039134876,1.323628174,2.009917653,2.61004867,0.605252409,1.25300608,5.056989646,-1.086984564,2.665671685,-0.133653797,0.317322755,-0.090391065,1.963763635,1.386692943,1.352912358,0.470957477,1.540722326,2.552453444,2.659000957,-0.989441339,0.938568935,0.58019461,0.665162768,2.662533205,0.363974593,0.93097407,-0.341882925,1,0.684440411,-0.5145581,0.09849751,0.758507095,0.599555095,1.56085091,0.565949667,0.142095991,-0.671291414,60,1
-10.65367069,1,0.708339243,-0.417479406,1.435770051,0.921774732,0.1573289,1.750944885,0.915927024,0.616577319,0.805829791,0.839695769,-0.108854569,2.300613707,1.689881427,2.251393838,-0.534071751,1.551905111,0.542518835,0.027194759,2.459233582,1.282505757,1.776586139,-0.064896135,0.158906195,2.87136435,1.002861544,1.031414336,2.626469938,1.400912747,0.232940931,-0.539803934,1.21199607,0.671101927,1.213374248,2.595189503,0.353612466,0.156374236,0.049413079,1.973295391,1.09968965,1.231927698,0.209791295,1.813301573,2.200315077,1.659964074,1.243122107,-0.014749314,0.419937295,0.032775901,0.840800204,2.348635626,1,0.708339243,-0.417479406,1.435770051,0.921774732,0.1573289,1.750944885,0.915927024,0.616577319,0.805829791,60,2
-12.99306913,1,0.158153278,1.68771155,1.632290342,1.054599915,-0.329025517,-0.891863295,0.438369914,1.747818888,2.645242464,-0.247817332,-0.383173226,1.188265604,1.226522925,-0.292074444,1.209042579,0.064908191,0.761889213,0.048132675,0.551962944,1.915768825,0.261205757,1.145785637,1.149661253,0.10516681,0.419643332,1.005488508,1.050056854,0.59462286,2.412437107,0.974644954,-0.090887213,0.033084919,2.438879332,1.874070271,2.176684337,0.836079207,2.221451272,0.996874641,-0.165082294,0.244535548,1.271497157,1.521149836,0.92417496,3.087700854,0.727616543,1.164770427,3.486745529,0.209580712,-0.31626157,1.192486847,1,0.158153278,1.68771155,1.632290342,1.054599915,-0.329025517,-0.891863295,0.438369914,1.747818888,2.645242464,60,3
-8.690038935,1,1.211198445,1.887288023,2.633085638,1.508835555,1.624100735,1.199533192,0.583320366,-0.083762589,1.440078897,1.144771996,2.873220283,1.068399286,0.921752192,0.97169228,1.351161296,0.515651749,0.925685643,1.195315193,0.923162672,0.272924705,0.274096519,2.43432929,1.56328026,2.407914911,1.312347735,1.292568092,-0.094794267,1.292609808,-0.124222052,0.381169548,-0.399077511,-0.267893372,0.421550154,0.227614573,1.836756778,0.021418043,2.137391444,1.00052804,1.635703232,0.317321919,-1.064962836,1.342929494,0.72074285,2.822908855,-0.344104119,0.962037919,0.981915838,1.003943091,2.256964881,-0.586865698,1,1.211198445,1.887288023,2.633085638,1.508835555,1.624100735,1.199533192,0.583320366,-0.083762589,1.440078897,61,1
-4.382002319,1,0.195108573,1.400710926,2.169826112,0.091818585,1.41118549,0.93320717,2.504043074,0.942113799,1.558423514,-0.331071878,-0.650654313,0.968408552,0.656068296,0.069232161,1.434445731,-0.306241464,1.553716756,1.539438957,2.483866885,-0.186782118,1.36668626,0.829678834,1.011879364,0.874608091,1.560610259,-0.249257695,0.002779177,1.23565012,0.634808211,3.322304402,1.007334654,2.438951977,1.949421669,0.396688315,0.983231977,1.473995575,0.831869165,0.733657065,1.444514274,2.199158655,0.755977641,1.51069893,1.047831187,1.51140063,1.491765345,0.934021866,1.583902462,1.242832766,-0.15887616,1.302055447,1,0.195108573,1.400710926,2.169826112,0.091818585,1.41118549,0.93320717,2.504043074,0.942113799,1.558423514,61,2
-3.620050793,1,2.022086503,1.838261029,0.537253838,-0.440682876,1.704425019,2.770113914,2.350354315,2.618901186,1.217565495,2.254848429,1.38051747,0.437975953,-0.624143696,0.505906505,1.286836345,1.491145965,0.906216256,0.219447338,2.058978942,0.006710432,0.995833717,0.934468186,0.862078972,1.811089539,0.52277242,-1.418952628,-0.101951472,2.317167727,-1.414276031,0.805176149,-0.219953799,0.92890079,-0.711403952,1.457051842,1.781248448,0.856935251,1.614015546,0.061194384,0.246060048,0.427733766,-0.27989312,2.014412346,0.81291318,-1.170539119,0.758171837,-0.644085541,1.303578226,1.614604083,0.49985643,2.527652821,1,2.022086503,1.838261029,0.537253838,-0.440682876,1.704425019,2.770113914,2.350354315,2.618901186,1.217565495,61,3
-5.952240645,1,-0.51392364,1.095803739,1.909892555,0.806085544,0.776768008,-1.120126673,1.533484362,0.594621454,0.327784817,0.549043834,0.358885898,0.146930738,0.407326195,0.311138417,1.391864362,0.798718924,-0.643222346,1.388378343,1.308453127,-0.236887703,0.913179827,0.88323058,1.738697453,1.648589919,1.766706571,0.277014065,0.235434266,1.450322029,-0.694992547,2.651739538,0.872292188,2.241319832,0.408521591,0.009605094,1.626416746,-0.63892521,0.989299513,1.874343649,0.233279482,2.235222551,0.199076693,0.35303128,1.191782586,0.524165635,2.366888088,2.77653515,0.614801652,0.887685204,1.03687836,0.859433412,1,-0.51392364,1.095803739,1.909892555,0.806085544,0.776768008,-1.120126673,1.533484362,0.594621454,0.327784817,62,1
-2.715558692,1,1.301904682,2.805974798,-0.557842681,0.832716409,0.682407617,1.213560323,0.529733165,-0.297627951,1.102575362,1.577290598,-0.752107751,1.911660599,3.76482052,2.971838787,1.259722129,-0.65161439,1.137595816,0.426040468,0.807493276,0.437219759,1.412244466,1.235744004,2.149191959,0.884728946,0.950355758,0.720504435,-0.112070222,1.507856332,2.537651842,0.946156635,1.41765378,0.509021133,1.064651932,1.266734665,1.418127145,3.286394577,0.945871231,0.206970168,-0.203728413,1.454560289,-0.177363907,1.128150591,0.746028952,-0.267529086,1.282855314,0.673919507,0.648490199,2.96455828,1.878499096,0.049529332,1,1.301904682,2.805974798,-0.557842681,0.832716409,0.682407617,1.213560323,0.529733165,-0.297627951,1.102575362,62,2
-4.582756337,1,-0.661326574,1.36836019,1.160074963,-0.056102629,1.233406752,1.906535095,2.313111542,3.30669971,0.584865384,1.155865926,2.262665647,1.374799531,0.709360309,0.836308529,2.485055178,1.320945007,0.159550751,0.435571746,1.413150918,2.312558627,-0.016363603,1.268156237,1.268049055,1.468738803,0.064671366,0.399452978,1.317158421,0.204823706,3.57177597,1.037276459,0.57027773,1.674425337,1.263637121,0.770949027,0.14194896,1.255207235,3.164639649,1.024527933,1.496620527,1.517565505,0.704191191,1.62889737,1.241928175,1.614179071,1.810854849,1.343988844,2.137024286,2.687554051,0.20568628,2.443563848,1,-0.661326574,1.36836019,1.160074963,-0.056102629,1.233406752,1.906535095,2.313111542,3.30669971,0.584865384,62,3
-3.992623219,1,0.253612055,1.263160185,0.156997795,0.228778021,0.559860162,2.532193519,0.798743897,1.928126686,0.487310431,0.983106826,-0.237746937,0.01599103,2.716737198,1.358106143,0.665735236,1.364781355,0.436293814,2.391343134,-0.603658147,0.687370119,0.214707671,1.216098541,0.463790131,0.530854757,2.275201515,1.815980446,1.561639655,1.595043168,2.236631157,1.552313938,3.010277055,1.334417364,1.398755952,1.118681124,0.903968816,0.734491408,2.060179471,-0.21935091,1.395082064,-0.800025038,-0.413533696,-0.118837002,1.349963245,0.6023191,1.563074929,2.170888651,-0.495070092,1.125503338,1.776977607,0.23351441,1,0.253612055,1.263160185,0.156997795,0.228778021,0.559860162,2.532193519,0.798743897,1.928126686,0.487310431,63,1
-3.664537797,1,0.477324248,0.280488325,1.53215809,0.399033179,0.912745673,0.663305046,-0.160568685,1.565108939,1.640466396,0.729359617,0.370801595,-0.712405386,0.093305161,1.035806695,1.793162984,0.031619298,1.852344418,1.761281497,0.439306023,1.364093383,1.574927358,1.157600749,2.277586771,1.678394022,2.758662599,2.266113887,0.467313753,1.018132405,-0.058359118,-0.266148373,1.086486613,0.510483002,-0.392429281,0.854913277,0.765359468,1.113286476,-0.723168207,1.351736861,0.71827709,-0.927541244,2.095097064,2.044294655,0.117617746,1.937665477,0.287103264,0.399096573,0.264419334,-1.535840153,1.784472118,1.334557993,1,0.477324248,0.280488325,1.53215809,0.399033179,0.912745673,0.663305046,-0.160568685,1.565108939,1.640466396,63,2
-8.717750411,1,1.922282467,2.644710892,0.532744981,1.234313608,-1.73545266,1.665128536,1.044887229,-0.901989075,0.096788798,1.913041112,1.674844358,1.540299697,0.149802504,2.792881839,1.86391574,-0.865266626,-0.394632748,2.48378677,2.206505677,-0.205108997,0.692749127,0.970932009,-0.006119605,2.326072516,1.309202889,-0.174989425,1.749474717,-0.520770617,3.658610072,1.021876411,-0.140751103,0.993681001,2.532060833,0.579697277,1.93711319,-0.729220753,0.209603652,-0.369137539,0.431632846,1.650008071,-0.888523591,0.587690971,-0.476964941,1.923764843,0.204271822,0.631670858,0.555693318,0.636943733,0.549877855,0.794913181,1,1.922282467,2.644710892,0.532744981,1.234313608,-1.73545266,1.665128536,1.044887229,-0.901989075,0.096788798,63,3
-14.91103134,1,2.513472604,1.770386078,1.415436138,2.327722111,1.414484544,1.853384652,0.920708217,0.659042991,0.774599177,1.399191246,1.337789308,2.062177865,2.8986063,-1.155183174,0.743921544,-1.005153545,2.012854286,-0.707822609,1.408380044,0.368148628,1.924014428,2.678947561,2.307041725,1.535717231,-0.250494702,2.172550702,0.817487286,1.003027152,1.092171182,1.286588446,1.867322686,2.636563007,2.164049653,0.81005534,1.721885564,3.600449461,0.91933631,1.277902617,1.328305966,0.488158798,0.342651442,0.438008253,2.541425249,0.489567811,1.934391855,0.430682225,0.425512327,-1.298708088,0.503204406,1.427164177,1,2.513472604,1.770386078,1.415436138,2.327722111,1.414484544,1.853384652,0.920708217,0.659042991,0.774599177,64,1
-7.695581896,1,0.89672726,1.629522824,0.191685223,0.181867388,1.40321976,0.675020823,1.089724318,-0.048019467,1.966939618,1.269181817,1.594974217,1.265972387,0.775033947,2.258592684,0.263021338,1.182816617,2.620961165,1.574594052,1.831517158,1.327380925,1.11360183,-0.075767732,0.167110332,2.150688811,1.802842773,1.578806034,1.493680368,1.132039961,1.188406257,0.355938636,0.913936071,2.410955548,0.649327426,0.361591538,2.404659528,0.440862854,0.654898239,-0.85152591,-0.821133484,-0.045415322,0.25815622,0.739829891,0.960108659,2.096852653,1.951847481,2.381715305,2.096824788,0.968429948,-0.284016234,1.035688362,1,0.89672726,1.629522824,0.191685223,0.181867388,1.40321976,0.675020823,1.089724318,-0.048019467,1.966939618,64,2
-10.93590378,1,2.100677521,2.108514933,1.482731579,1.047554305,1.28657554,0.420664475,0.270820672,-0.39772956,0.969940022,-0.152321749,1.164914181,1.557329446,0.339267969,0.968196814,1.114311273,2.589513691,2.014101137,-0.430857868,0.525486351,-0.064375361,0.957098637,1.701153034,1.815952791,0.462728511,0.55617051,2.384601554,3.038425198,1.027320998,-0.111092507,0.581003558,-0.283829336,1.573870904,0.356922516,1.711001687,1.728420468,0.772425995,0.091392913,1.638089469,0.803084421,1.837002187,1.050899667,2.091349446,0.668331036,1.473690117,1.077892834,1.284819269,2.511009785,0.905843147,1.115266189,2.807237467,1,2.100677521,2.108514933,1.482731579,1.047554305,1.28657554,0.420664475,0.270820672,-0.39772956,0.969940022,64,3
-9.759582507,1,3.405210082,2.043897196,0.019878399,1.196716147,-0.139977813,0.868868235,0.267557438,0.210044901,0.45653549,0.162893338,1.734601477,3.772008739,1.818337453,-0.091898689,1.978021183,2.499080777,0.503614058,2.622870838,2.518371062,0.779899323,0.443031473,1.614772695,0.55248964,0.75610958,0.60257977,1.062322306,1.115430595,1.701792925,2.846636271,0.133689938,1.446350011,-0.577856163,0.147471123,1.907590299,1.732129195,1.14928278,2.536441045,0.355267886,0.376723886,-0.034397681,1.394865043,1.030683397,0.158079544,2.70542689,1.202083088,1.143157951,1.203153658,0.124937064,1.179355459,-1.360292299,1,3.405210082,2.043897196,0.019878399,1.196716147,-0.139977813,0.868868235,0.267557438,0.210044901,0.45653549,65,1
-6.877460656,1,1.370713684,1.788567507,-0.61084063,1.671533207,1.787992134,-0.240658772,2.329145881,1.976884617,1.105696247,-1.904497554,1.751969046,1.249591852,1.323247234,0.754816196,1.047448442,0.993433687,1.179040956,1.283742213,-1.121012748,0.26826592,1.289641138,0.677893352,-1.140029516,2.16278569,0.97962102,1.776339268,-0.456321093,3.723743872,1.461431103,-0.308988469,-0.053429789,2.055181707,1.884027962,-0.579579267,3.026646861,0.968236895,0.909450549,3.940076914,0.949552775,1.580151395,1.082872104,0.242380677,0.357843284,0.702260042,-0.116067073,0.69070073,-0.716587634,1.92256731,0.269609623,2.401952615,1,1.370713684,1.788567507,-0.61084063,1.671533207,1.787992134,-0.240658772,2.329145881,1.976884617,1.105696247,65,2
-16.66606548,1,1.2120572,1.894284029,2.906085367,2.057691569,-0.388522309,-0.12476094,0.244131139,1.250344361,2.313574576,0.783845836,0.562657171,0.277306159,0.881489884,-0.484975832,1.688601806,0.348947238,0.960451694,1.637267173,1.869162084,0.092428453,-0.405061644,2.528467827,0.737690339,1.824358779,-0.343441969,1.803242337,3.616652574,0.496034027,2.441038163,0.131565019,1.458953518,2.589178263,2.837430979,0.289533927,1.489792524,0.345970067,0.084294907,1.632899425,-0.280112358,1.311050687,1.529804675,-0.527150747,0.897185658,-0.402808757,1.548226762,1.265297581,1.514692656,0.688214984,-0.621846334,1.25333432,1,1.2120572,1.894284029,2.906085367,2.057691569,-0.388522309,-0.12476094,0.244131139,1.250344361,2.313574576,65,3
-7.410036499,1,-1.254272907,0.315626171,2.337248197,0.122862314,0.080422339,-0.114704358,-1.130916767,0.536593101,1.748160377,0.951835386,-0.107819633,1.050476788,1.044149428,1.759034487,1.072727098,0.869243616,2.336355321,0.972837063,0.125166496,2.005799265,-1.155235945,1.789830458,1.229093108,0.482845988,1.093402468,1.958864575,0.09113848,1.634324908,2.534414399,2.470241546,2.72062024,0.184063559,-0.47106264,2.519740428,0.067126395,1.811752447,-0.182868533,0.620531249,2.632889891,1.092473923,0.075807738,1.598495428,1.858225546,-0.375286117,1.131866182,-0.326583758,0.057605571,1.110071291,-0.190947532,1.575691582,1,-1.254272907,0.315626171,2.337248197,0.122862314,0.080422339,-0.114704358,-1.130916767,0.536593101,1.748160377,66,1
-6.204891687,1,1.522530435,-0.688535255,0.9891231,0.313155442,-0.159684904,2.336394338,-0.446247826,2.716039998,1.174940195,2.335387925,1.498478289,1.235457629,2.554258694,0.021557548,2.218923741,1.013442056,-0.45392657,1.516702661,1.818002269,0.571715872,0.517054071,1.249850704,2.630693605,1.148950325,1.632233789,-1.434578532,2.284026742,1.007795986,0.968769479,-1.682786182,-0.854786166,-0.518332018,2.156709525,1.145516841,2.448800836,0.08948161,1.999025803,-0.656912473,1.144114672,1.895080098,1.527881263,3.906290851,0.91927871,0.897148992,0.703134655,1.323022026,0.957617817,-0.155949835,-0.919203427,2.418483324,1,1.522530435,-0.688535255,0.9891231,0.313155442,-0.159684904,2.336394338,-0.446247826,2.716039998,1.174940195,66,2
-6.942371743,1,1.986047315,-0.507931583,0.97773198,-0.16473752,0.853784655,0.431478187,1.321012584,0.648341601,-0.070547406,0.736915198,-0.122907301,1.311236028,2.478666485,0.59596018,2.411410962,1.61081623,0.61846462,1.418992272,-0.554316486,1.74877815,4.226672826,2.585799944,1.180616608,1.221861732,2.307525108,0.341569903,2.149480855,1.07025426,0.351122882,-0.464391545,-0.04935288,1.322821647,-0.662057737,-0.161728951,1.821987157,1.984452074,-0.103702141,2.274536153,-1.086310707,2.5759624,-0.83411736,2.678360342,2.360033486,0.665456651,2.447158089,-0.171026066,2.769929347,0.333774381,2.288232855,0.680747213,1,1.986047315,-0.507931583,0.97773198,-0.16473752,0.853784655,0.431478187,1.321012584,0.648341601,-0.070547406,66,3
-3.357573875,1,-0.877108354,1.076206782,-0.176608471,1.237375819,1.164103249,-0.814517393,-0.150066203,0.726114648,0.076949565,2.969742654,1.836739725,-0.312574415,1.269522495,2.561967433,0.182610938,-0.095155183,-0.224313085,-0.103840439,0.684169073,1.351152877,0.678850376,1.94936246,0.206827494,1.17776464,1.600587115,1.039323435,1.256900263,0.042137975,2.440742533,2.390643713,1.088102796,2.30597725,2.087630168,1.038464344,1.699973301,1.999466002,1.302072468,1.989199434,2.87621904,1.539605602,0.302176939,0.371639239,-0.613440561,2.917426105,1.659546886,1.678811241,0.567101657,2.20246258,1.009990934,3.015301427,1,-0.877108354,1.076206782,-0.176608471,1.237375819,1.164103249,-0.814517393,-0.150066203,0.726114648,0.076949565,67,1
-2.916916294,1,-1.013554714,1.551332013,1.187589401,-0.308079488,-0.038363177,2.263437158,3.310598294,-0.416400154,1.411762012,-0.01716535,2.365228941,0.534799384,-0.006579726,0.191539319,0.733298385,2.101284999,1.147798429,1.832478586,0.823986951,1.481379189,2.342224416,0.188733302,1.191331062,1.428064891,0.024981778,2.756915194,0.175347216,-0.222282572,0.929764586,0.746835851,0.351719852,1.978193719,1.467337052,1.878566994,0.81324614,-0.151084336,0.8655,1.193590881,-1.073941182,1.71668198,-0.237977666,3.32864219,-0.694113976,0.031765365,-1.139364111,1.886762846,2.412002806,1.752493978,3.311457451,0.672923277,1,-1.013554714,1.551332013,1.187589401,-0.308079488,-0.038363177,2.263437158,3.310598294,-0.416400154,1.411762012,67,2
-7.902876156,1,2.332605793,1.566160954,-0.457996099,1.405055484,0.271739329,1.785804407,-0.01147935,1.343513595,-0.273689208,2.082796471,1.193972244,3.259573557,1.017932555,0.271643354,0.955283612,0.435502528,-0.173836371,2.018692849,1.372585422,2.013042063,1.211362077,0.114058279,1.541250043,2.613199074,1.063671363,-1.015225683,0.343435646,0.517170865,2.265476359,0.697866183,0.157661279,1.750933632,-1.562043407,1.032641381,1.394486736,1.245158572,3.267822561,0.737765731,-0.459730839,2.463334162,0.313416963,0.406333253,-0.260964353,1.049649914,-0.604459132,1.52431949,1.780046724,-0.887768525,0.637620204,0.035979654,1,2.332605793,1.566160954,-0.457996099,1.405055484,0.271739329,1.785804407,-0.01147935,1.343513595,-0.273689208,67,3
-14.08350978,1,0.779571723,1.986600301,1.681076645,3.074784099,0.963618396,2.831608801,0.824972295,2.009904257,-0.032595641,0.749078626,-0.226527324,2.129367997,0.608323464,0.111329424,0.402239725,-1.251968263,1.085319963,1.285458577,-0.463237186,0.145277492,0.495853734,1.000680128,1.740161632,0.306230233,2.097266016,-1.056590687,0.914490208,1.274107008,0.407729294,0.918588555,0.353032541,0.564821254,1.503276615,3.072677879,-0.16640856,-0.333014426,0.718453965,0.079332529,3.038353188,1.785008458,0.692586038,2.329045506,1.207239775,1.720048562,0.6414503,-0.759233501,-0.12269264,-1.335151024,1.209648948,0.851846828,1,0.779571723,1.986600301,1.681076645,3.074784099,0.963618396,2.831608801,0.824972295,2.009904257,-0.032595641,68,1
-12.46611792,1,0.136153247,1.11868057,3.046956698,0.494005767,-0.067588037,0.833782359,-0.598528027,0.756690076,2.274366899,0.99544809,-0.471611407,0.488381549,0.769950302,2.162319996,0.683698139,1.99006703,0.872875166,1.106919551,1.373731405,1.396469369,2.610020191,0.664021495,0.705833492,-0.285856186,0.921095187,1.105254536,1.299718779,1.069126557,1.114938325,0.733649269,-1.033113516,1.145647163,1.191956113,-0.036892101,0.780884912,1.664378984,-0.318968532,3.019223231,0.55411284,0.49090923,-0.126820872,0.917614118,1.733849448,0.962487036,2.134018529,0.590792714,1.153847727,2.540634469,2.3670677,-0.063438062,1,0.136153247,1.11868057,3.046956698,0.494005767,-0.067588037,0.833782359,-0.598528027,0.756690076,2.274366899,68,2
-8.30525372,1,-0.881106342,1.196442371,1.67255026,0.855785421,1.486840546,0.626574153,-0.03259714,-0.29969388,2.544230763,2.006091182,1.957337896,1.368580765,2.652834049,1.847511528,1.271236655,0.805740439,0.598893597,1.913598638,1.790152502,3.562990842,0.629351333,1.997093535,-0.123409699,2.227483814,-0.610722899,2.373883201,-0.914541693,1.67785886,1.280256303,0.453902931,1.379610414,0.758773422,0.692840562,2.328371727,0.25217058,-0.052517355,0.020262824,1.573382769,0.593262523,0.509344607,2.226745983,0.870864054,-0.373375201,1.809103145,0.146157206,2.061425686,1.625842422,1.629743578,1.228093697,-0.063254444,1,-0.881106342,1.196442371,1.67255026,0.855785421,1.486840546,0.626574153,-0.03259714,-0.29969388,2.544230763,68,3
-7.15434187,1,-0.767327555,1.559653772,1.476279777,0.140546179,0.658684997,0.207561961,-0.422999116,1.817931077,1.071978859,0.131291882,0.037130047,1.008675251,1.455573838,2.200249674,0.011909173,2.600419032,0.967244562,2.708555472,0.311476422,1.347332192,0.9584866,1.807837306,1.571533644,0.203670413,0.867429046,0.261865664,-0.469896547,1.601633356,1.1009732,1.487852914,0.867740384,2.189402303,1.596744051,2.343868932,1.869636255,2.648871971,-0.521468481,0.4806154,0.523302517,1.291948776,0.946177541,2.64805504,0.06970756,-0.630903224,1.143536678,1.662437446,2.262856631,2.441499985,0.370780547,1.535665945,1,-0.767327555,1.559653772,1.476279777,0.140546179,0.658684997,0.207561961,-0.422999116,1.817931077,1.071978859,69,1
-8.277331131,1,-0.463523715,-0.533523462,1.988079218,-0.472453037,0.555323454,1.60852526,3.363945039,1.737910522,1.852478241,3.062206121,1.163043442,2.109925576,2.484387428,0.274725199,0.442262248,0.628920305,0.428904855,0.230901498,0.533541893,1.825897522,4.086441944,1.3833545,1.067034477,0.8505386,0.606547807,0.701535399,2.097016324,-0.835251645,0.647047299,-0.263137871,1.016700896,-1.18038676,3.813819808,-0.25404452,1.595808592,1.841787753,-0.398111762,2.581843308,1.279651298,1.260927165,2.564937413,0.84140555,0.183904624,0.860557597,0.44536515,-0.674798439,0.468017066,0.654430319,1.10105199,0.849739442,1,-0.463523715,-0.533523462,1.988079218,-0.472453037,0.555323454,1.60852526,3.363945039,1.737910522,1.852478241,69,2
-13.70764965,1,3.285276566,1.164397529,0.918653041,-0.600157869,2.61400065,0.355638252,-0.178079649,3.226486718,2.239517337,-0.500386534,0.11798795,0.50783401,-0.11279195,1.886238783,1.695899329,-0.778130735,-0.543936095,1.176196016,0.563839447,1.559286588,0.148901817,2.57641985,0.309512534,-1.335431156,2.076793605,-0.171506089,2.464733807,-0.305691487,0.37522836,1.797441542,1.363026437,0.986422252,2.678885109,1.028578823,1.568617308,1.642508048,2.118061489,1.056303562,1.270982554,-0.325252976,1.727251936,0.843572199,1.780507573,1.712464761,1.867199751,1.981394394,1.305912573,0.652695657,-0.150233707,0.939252162,1,3.285276566,1.164397529,0.918653041,-0.600157869,2.61400065,0.355638252,-0.178079649,3.226486718,2.239517337,69,3
-7.920660203,1,2.422114091,2.024147446,0.142418409,0.731296008,-0.865010754,1.028856653,0.675814517,1.385864749,0.029264534,0.182063769,0.075192208,0.49787156,0.070389401,1.488797741,0.61764769,1.279384131,0.753658709,1.474140178,0.277131821,0.249047928,1.394648663,0.253591532,0.181053205,-0.261520437,1.144557524,1.127247,2.294392711,0.524816384,1.252684824,-1.354258949,2.351709862,2.131075379,1.09864873,1.433510868,-1.473009328,0.677690226,0.919623872,1.517169211,-0.364554998,1.681721231,1.626384494,1.165752541,2.185886995,-1.41234271,-0.105583063,1.166684094,1.103079188,1.09670288,1.255233066,-1.080634844,1,2.422114091,2.024147446,0.142418409,0.731296008,-0.865010754,1.028856653,0.675814517,1.385864749,0.029264534,70,1
-2.090412634,1,-0.020815483,0.085641509,-0.72379257,0.50978158,1.802152811,1.431952688,2.838533998,1.369738188,0.047775728,1.204151609,0.894819178,0.200870535,0.472719462,0.96048877,-0.507300106,2.937114811,-0.150873586,0.171038768,-1.709196609,1.505835458,0.632990814,2.318664102,2.519510259,0.394285682,0.299260941,1.902564915,-0.414383767,1.58126493,0.686136385,2.763880612,2.721321005,0.834218535,2.744087602,1.714586498,1.748678904,1.263614153,-0.0399845,-0.0094682,1.286070361,1.004200467,-1.590160725,1.273256887,1.643085687,0.257970801,1.466430445,1.243537999,-1.264169547,1.062554492,1.539100141,0.956552091,1,-0.020815483,0.085641509,-0.72379257,0.50978158,1.802152811,1.431952688,2.838533998,1.369738188,0.047775728,70,2
-4.570423429,1,0.186793782,0.548831481,0.802089159,1.270217792,0.872129265,0.910979006,0.542430612,0.298093418,1.234626743,0.554873224,1.676736553,1.624750735,2.712859884,-0.632233716,0.845859487,0.763650592,1.687310231,1.131015183,1.383254226,2.097529027,1.948035845,-0.032247603,1.661617537,0.224447682,1.560509034,-0.165687775,-0.317570592,-0.27616442,1.259924116,-0.862693953,2.845293556,1.542886409,1.005115112,2.602577339,1.27074606,0.057183919,0.68423482,1.873698143,2.023319382,-0.32580891,0.071059174,0.954692019,0.590019019,0.735888351,2.958816593,1.253029824,2.859753249,0.941302603,-0.862945991,0.992988194,1,0.186793782,0.548831481,0.802089159,1.270217792,0.872129265,0.910979006,0.542430612,0.298093418,1.234626743,70,3
-2.998753338,1,-0.192737359,-0.136219513,-0.118121185,1.595584981,0.905785863,2.804456069,1.950414852,-0.129788081,0.858333921,0.319903907,-0.424953305,1.607113152,0.997172863,2.828047402,1.156903525,-0.098217559,1.84595788,1.074969869,2.682269438,1.691016157,1.704399342,1.228897506,0.139382792,1.796908921,0.658665955,1.795424341,2.820841155,-0.358075603,0.567012105,0.571573447,0.724876902,1.213768196,1.570621202,3.154314687,0.385740372,-0.932952949,1.633286638,0.317159226,0.821936096,0.013996057,-0.017340342,2.831935275,1.007705964,1.00052416,1.15475306,0.284568746,1.970821442,1.728843967,0.993405016,-0.512814114,1,-0.192737359,-0.136219513,-0.118121185,1.595584981,0.905785863,2.804456069,1.950414852,-0.129788081,0.858333921,71,1
-4.1122095,1,2.26002792,0.8316935,0.345638214,0.110147162,1.693442187,1.498288186,-1.041442991,0.670398744,1.466414301,3.324032525,0.701197705,0.647548848,0.621945841,2.303784289,-0.679851482,-0.07872685,1.454031322,1.093105585,0.347848945,1.673568023,0.366255197,1.186113598,0.495668879,0.343172732,-0.608151913,-0.00032364,1.945922125,1.817811183,1.166914495,0.82239873,0.910976346,1.721834464,0.936235876,0.828273981,3.000350927,2.352011989,1.733731077,1.611754992,1.722167083,1.475046157,1.32906414,3.023192673,0.204246738,-1.430075215,0.699598508,0.478526053,0.585158815,0.901665664,2.135679948,1.419088955,1,2.26002792,0.8316935,0.345638214,0.110147162,1.693442187,1.498288186,-1.041442991,0.670398744,1.466414301,71,2
-7.504349415,1,0.940334951,1.638598096,1.334958665,2.720541761,0.687646169,1.203392789,1.342352868,-0.419796781,2.344623684,-1.217217885,1.680536241,1.371888793,1.135437144,0.919342698,-0.644858794,1.787040718,1.777518583,1.140564437,0.80827948,0.720283025,3.023023943,1.520279447,0.816827709,1.304067907,1.211670705,1.714507187,1.110713551,-0.08569783,2.107391947,-0.2864373,0.863653525,-0.578768127,2.03496004,2.874948686,0.547749046,1.523079905,1.663463731,0.235161559,0.40971681,3.044777388,2.682920053,2.513384754,1.794855607,1.409935855,-0.094300514,1.898408425,0.780638707,-0.243574544,0.586505813,2.171440083,1,0.940334951,1.638598096,1.334958665,2.720541761,0.687646169,1.203392789,1.342352868,-0.419796781,2.344623684,71,3
-0.727871447,1,-0.553653557,-0.394281279,-0.522723501,1.149205189,1.66730708,0.347815234,0.719984902,2.745782975,3.533100837,-0.31645127,0.438996217,1.81636908,1.272699229,0.809905628,1.997700796,-0.668081795,-0.004051709,-0.104773759,1.204035094,-0.815837668,2.636324689,1.018647932,1.982673702,-0.591485273,0.780202904,0.566134487,0.95008801,1.003575643,0.748028534,-1.364792525,0.117781313,0.389342283,0.204683067,0.797120523,2.946862572,2.963227716,0.122577111,2.196684277,0.722090294,0.798945508,1.351686187,0.932744941,2.354220184,2.719348244,2.147802338,1.270135597,0.687053601,0.759920783,0.914364547,0.465273345,1,-0.553653557,-0.394281279,-0.522723501,1.149205189,1.66730708,0.347815234,0.719984902,2.745782975,3.533100837,72,1
-8.489551869,1,1.596012836,0.746671579,0.778321547,1.576156803,0.548774525,0.501894834,1.024571135,0.346981341,-0.020429617,0.476666637,-0.028827804,2.674939483,-1.05423722,0.152000245,-0.526230791,2.173995412,1.682666794,0.890594632,0.791202365,2.363113816,2.158769374,-1.151211101,0.089878392,3.347818251,1.190459056,0.318611894,0.628406318,1.6802,1.342608655,-0.028992662,2.786338733,1.06116256,-0.332885355,2.720972364,0.793325664,3.220073001,1.960770991,-0.662079741,1.106792067,0.915026214,0.343155367,0.831820592,0.571373139,1.62470887,2.696480953,-0.095438925,1.888501482,0.28894527,2.610637166,1.221664909,1,1.596012836,0.746671579,0.778321547,1.576156803,0.548774525,0.501894834,1.024571135,0.346981341,-0.020429617,72,2
-3.958902921,1,0.924582765,3.335464628,0.6563618,0.714221152,0.206816269,-0.234013172,0.133547812,0.598305948,1.79034408,2.81257994,1.765406765,0.942900132,2.884773433,-0.980457013,0.267632448,1.517438108,1.132689177,1.587821009,0.015581919,-0.436464282,1.508960528,-0.231513465,0.836882838,1.488949251,1.240320164,2.446166184,0.394229753,2.664320394,1.142798926,1.402548528,-0.298988361,0.476898162,0.357385658,0.042781799,0.175731391,-0.947274139,1.04995904,-0.079702586,0.74379554,1.87178303,0.834719487,0.514816979,1.215308144,1.168609502,1.600611683,0.806445957,0.537266968,0.764589645,-0.173289344,2.170050556,1,0.924582765,3.335464628,0.6563618,0.714221152,0.206816269,-0.234013172,0.133547812,0.598305948,1.79034408,72,3
-9.14877073,1,0.340504064,2.30049433,1.731087203,1.594546437,2.956282948,1.581733942,2.411571904,1.740136774,0.738347424,-0.644917098,1.709355157,2.49326263,0.845991154,-0.524731568,0.330179504,0.880786395,0.742322705,-0.507869741,1.130098728,1.152792844,1.274000147,-1.08026467,1.536264608,1.92369324,1.40993095,-1.109962968,2.239258242,0.600931883,1.097652476,-1.143283743,3.227334594,3.074140236,0.095230353,1.27523153,1.350206774,1.666013911,0.693954661,1.984559331,2.7572027,0.9701201,2.916275803,0.844509555,0.678613798,1.302548093,2.300693919,-0.173118117,2.242430943,0.624246944,0.21095755,0.602076516,1,0.340504064,2.30049433,1.731087203,1.594546437,2.956282948,1.581733942,2.411571904,1.740136774,0.738347424,73,1
-8.793765599,1,1.594318596,0.646816456,0.268935924,0.588988189,0.246983565,1.671348985,0.295284777,2.957262023,0.359552085,-0.274173166,1.509775579,2.916808726,2.72715452,1.466923506,0.532020072,1.714597899,0.496098959,1.420396975,0.508565785,0.330598667,0.762922705,1.60658592,1.599889913,0.485171234,0.926447805,2.080409976,1.110547441,0.632376031,0.427304383,0.129636749,-0.947585297,0.972409444,1.069925301,1.546387567,1.470419732,2.697224361,2.404801685,-0.349771218,1.187293815,1.471043639,0.752566711,0.451570794,2.338540397,2.206627925,-0.466066896,3.269965923,1.615242146,2.865195858,1.348052498,1.794393115,1,1.594318596,0.646816456,0.268935924,0.588988189,0.246983565,1.671348985,0.295284777,2.957262023,0.359552085,73,2
-10.24050402,1,1.125226696,-0.137904152,1.704470927,1.398037777,1.586773174,1.046071895,0.491497234,1.070170146,0.657866061,2.141560596,0.905730098,-0.860462546,-0.077982996,0.98223231,0.098739498,1.92790531,-0.389471746,1.366454923,2.164101827,1.975468792,3.126678367,1.159023156,2.279096233,2.514649863,0.085890655,3.065173383,-0.675526936,-1.213414313,1.197696247,0.349717871,1.426249466,2.0822633,0.063449455,-0.041538974,0.367062067,-0.298988248,2.125649903,1.442621201,0.56802867,1.35851994,2.518537816,0.558559257,1.435334063,1.995029747,2.403850802,1.06324511,0.843634804,0.429797638,0.881546955,-0.217060188,1,1.125226696,-0.137904152,1.704470927,1.398037777,1.586773174,1.046071895,0.491497234,1.070170146,0.657866061,73,3
-15.69398558,1,0.870391909,1.014219282,2.824094395,2.254070282,-1.093279612,2.027707631,2.345867098,2.778782234,0.391732095,0.893149914,2.16859812,0.950358218,2.212514164,1.983908938,0.433910999,1.271749348,2.288504752,0.629520626,-0.033274759,0.447871928,0.955113593,1.475531975,-0.410630507,1.55239814,0.646416642,1.503704296,1.244488895,2.035778481,2.870962746,0.627467927,1.793984354,3.161056691,1.923039604,0.360584821,0.876911155,0.588824218,-0.767015798,1.843949618,2.573871018,0.025587303,1.184638617,0.93579618,2.137718619,0.945570791,-0.694829271,-0.380249623,1.074111898,0.855759339,0.070361005,2.514188583,1,0.870391909,1.014219282,2.824094395,2.254070282,-1.093279612,2.027707631,2.345867098,2.778782234,0.391732095,74,1
-5.341363789,1,-0.464866712,-0.854189198,0.783467479,1.872703508,2.609178044,1.610092223,2.559308544,0.689332448,1.53141134,0.586269827,1.967475314,-0.861918461,0.979310323,1.461287092,1.086597338,3.315291791,2.48855227,-0.590665723,2.402333312,2.436015585,0.312789572,0.150746017,-0.315550908,-0.010283607,0.529520695,0.835472352,0.661563547,1.620249141,0.517192749,1.748088048,0.183082832,0.224973895,-1.366342044,0.469182636,0.222245586,0.762700216,0.914809119,1.010236112,3.084303066,-0.056614949,-0.747704641,1.373418228,-0.303622918,0.208011395,1.657608336,3.267585174,0.906491375,-0.123818872,0.761648601,0.194219003,1,-0.464866712,-0.854189198,0.783467479,1.872703508,2.609178044,1.610092223,2.559308544,0.689332448,1.53141134,74,2
-2.918121458,1,1.016100032,2.847521228,1.017192171,-1.374146529,0.786379425,0.074336992,1.312350892,1.204117764,2.098407643,-0.510627388,2.593754425,-0.589851297,2.084446957,1.21536457,2.532274912,1.76450701,0.411487916,2.268500672,2.099146558,2.231075926,1.692536649,0.955360289,1.261760583,0.685745482,1.486661566,0.319512857,1.279595866,1.360148438,2.472777423,1.665045153,1.317832696,0.33163972,0.178926353,1.621229356,1.162782749,-1.403087799,-0.47873357,0.692715722,1.272517846,0.655790535,1.860569495,1.986841182,1.520629625,0.445731081,1.540209628,1.458276827,-0.226299576,0.408178559,0.398058319,2.311824964,1,1.016100032,2.847521228,1.017192171,-1.374146529,0.786379425,0.074336992,1.312350892,1.204117764,2.098407643,74,3
-9.608815532,1,2.245379503,2.128986309,0.911259238,0.76082142,2.096392326,1.531420697,-0.009027806,1.45730303,0.27960287,1.764732589,1.863124364,1.104965348,2.249431309,2.257553831,0.044251791,0.661409375,0.884067122,1.688570955,1.770867551,1.395000044,0.542771128,3.57790342,0.198552749,1.056837969,-1.070448154,-0.607113356,0.313857608,1.873838134,1.276546925,1.429959851,1.443098374,0.756533892,0.491281386,2.310018624,1.372778532,0.562735453,-0.770261856,1.787683641,1.865168039,0.128545264,0.483454085,0.652494192,2.513201532,1.363491641,-0.22896045,1.466731065,1.222859429,2.486450135,0.916864814,1.820525949,1,2.245379503,2.128986309,0.911259238,0.76082142,2.096392326,1.531420697,-0.009027806,1.45730303,0.27960287,75,1
-12.01689106,1,1.021942156,-0.759854623,3.044006039,0.999907706,0.565323541,-0.306280423,0.736304439,1.290067957,-0.540468723,0.374177548,1.706300773,-0.71063278,0.906388136,1.149865154,1.907348842,-0.173355817,1.557127707,3.633194581,1.637377643,2.666846496,2.840833931,1.34523368,0.551941154,0.810382286,2.074896204,0.726205111,0.542478673,1.423063507,1.163803188,1.187447672,0.333772331,1.284211475,2.446797936,1.102384412,0.35282072,1.72201366,-0.494532152,1.201622836,-0.097257237,0.346414803,1.566715865,0.426886745,1.324087158,-0.105154214,1.546080334,0.632083823,2.729562894,1.853890334,0.106900765,1.930278487,1,1.021942156,-0.759854623,3.044006039,0.999907706,0.565323541,-0.306280423,0.736304439,1.290067957,-0.540468723,75,2
-6.844041765,1,2.085634244,2.841442316,3.001875522,-0.700247681,1.626476343,0.726512831,0.858704942,-1.252518901,1.521562913,0.666723728,2.522619401,0.925732392,0.188135478,0.880147618,0.404828423,0.867868267,2.230817917,0.380893697,0.394703252,1.551914905,1.212978978,0.114082821,0.333914192,2.478109094,2.189225133,1.744192833,0.823118479,2.342824391,2.654010108,1.210954354,1.436787574,2.551412742,1.194163793,0.661520653,0.652247265,2.219411196,0.495291718,-0.418612302,-0.940357303,0.768414208,0.439169861,2.234447603,0.706980935,2.730197616,-0.36496562,0.483390822,1.363826293,2.368306083,0.449491895,2.372310216,1,2.085634244,2.841442316,3.001875522,-0.700247681,1.626476343,0.726512831,0.858704942,-1.252518901,1.521562913,75,3
-8.782037666,1,1.357833166,1.893377478,0.618946383,1.491532923,1.06841657,1.15695456,2.79356322,1.162924579,0.090900866,1.609064311,1.185382727,0.325828343,0.400584309,1.456276631,3.120774724,1.930490474,0.721055106,1.810923251,1.423145948,2.166943303,1.465707182,2.122132837,1.757439208,2.043363049,0.526897301,1.596296969,2.251365342,0.401240158,0.856027876,2.311454855,-0.689255032,2.549451129,1.12528766,1.513130495,1.963301121,3.318555325,1.13179623,0.475743088,0.195458958,0.80731055,1.404590168,1.529279707,-0.549690754,1.550522114,1.198707979,2.858529875,1.837054489,-0.144717001,1.389161644,1.794386657,1,1.357833166,1.893377478,0.618946383,1.491532923,1.06841657,1.15695456,2.79356322,1.162924579,0.090900866,76,1
-5.878838553,1,1.147027757,1.00268326,-0.211542477,1.282741772,1.120070959,1.041124216,-1.468826863,1.088058594,0.822508771,0.696162073,2.084534514,2.307955865,0.978593693,0.947980413,0.150718515,2.010158783,-0.170402508,0.402849896,1.606979413,1.485527009,1.497658097,1.550609286,-1.060873898,1.230184579,1.439000479,1.87636614,-1.311405865,1.781583284,1.100223853,0.902972636,-0.072891875,0.671684084,1.207848492,1.488860594,1.052833955,1.937250727,0.221084797,2.260388362,0.42725765,1.239197381,2.076250014,1.23963688,0.76410028,2.531645297,2.092689523,1.859574412,2.024210178,0.347619041,1.472542778,-0.787653466,1,1.147027757,1.00268326,-0.211542477,1.282741772,1.120070959,1.041124216,-1.468826863,1.088058594,0.822508771,76,2
-5.822171175,1,-0.201852387,2.272532605,-0.052076822,2.125817507,0.932503911,1.770681314,-1.008087117,0.665058319,0.554269314,1.211076033,1.020143704,0.966283095,1.006306754,1.352523316,-0.425644748,2.184950279,1.10167585,0.312779661,1.189009337,0.987259878,1.81326966,0.980248136,1.385255987,2.197703298,0.680304144,0.677422721,1.503305507,-0.905207124,0.100676244,1.504477142,3.792257223,1.028986926,2.165826649,2.368161696,0.683748031,1.114884233,-0.225618353,2.366221558,2.634956415,1.208046094,1.826192536,0.889013492,0.879440628,-0.307400285,2.887179443,-0.659818194,0.223425644,2.322004226,2.667098072,0.973251926,1,-0.201852387,2.272532605,-0.052076822,2.125817507,0.932503911,1.770681314,-1.008087117,0.665058319,0.554269314,76,3
-6.404204527,1,-0.71086832,2.005951228,2.590268408,0.952324983,1.051673416,-0.41954447,-0.566618496,-0.024576412,1.985146273,0.597701801,1.84681832,-1.105271177,-0.585725572,1.47655203,1.92213848,0.80401121,2.104206859,1.071795946,1.56530544,0.22961236,2.642129507,2.90619011,0.977760687,1.311644311,-0.143228053,0.353293784,-0.742048951,-0.229556776,0.740388388,0.074784584,0.985800173,2.059179422,0.644641468,0.093634187,1.330482682,0.353039797,-0.605561449,-0.116183815,1.17390208,0.983489492,1.186248128,0.527654167,0.12398045,2.994378209,0.163505899,0.744803283,1.424729504,0.59847853,0.166027996,0.615528089,1,-0.71086832,2.005951228,2.590268408,0.952324983,1.051673416,-0.41954447,-0.566618496,-0.024576412,1.985146273,77,1
-6.796022948,1,0.020871975,1.3228813,1.231465116,1.116117507,2.190049533,1.821498426,1.189933186,1.276970966,0.53404083,0.296921119,1.560957904,0.286430115,1.183469848,-0.197195947,3.538143249,-0.016939328,0.7894601,0.247154994,-0.548179102,0.116653978,0.866808122,1.483399679,0.229728923,3.513287539,-0.116942073,0.834016856,1.271250189,1.633824078,2.22170366,1.838642781,0.193515712,1.908934375,2.399811606,2.448987334,0.951811931,0.635365391,0.488699322,1.590876047,0.138430824,1.527789668,1.056567922,1.52711678,-0.214844541,0.613993288,-0.906198928,1.850199877,1.752748553,-0.006937214,0.761916579,0.896136171,1,0.020871975,1.3228813,1.231465116,1.116117507,2.190049533,1.821498426,1.189933186,1.276970966,0.53404083,77,2
0.218964148,1,-1.287238914,1.085283264,-0.680319024,0.513229442,1.273638154,1.862113875,1.073973115,0.245973216,1.197587283,3.07166166,0.740983285,0.005093551,0.926014886,1.277236083,0.382933033,0.203334032,0.995597317,1.318491111,0.009036279,1.532214488,0.42021964,0.420815618,0.887446444,2.462645268,0.055893433,2.181789211,0.542225978,2.840252899,0.790113644,-0.395028466,3.178222791,2.798818874,1.319585518,1.301598118,3.137185277,0.140777872,0.567660459,0.001573003,0.432821518,0.989940088,1.409497678,0.523215671,1.230632389,1.033721929,-0.607764099,0.856578406,2.507370429,2.091100033,1.67142185,0.530505553,1,-1.287238914,1.085283264,-0.680319024,0.513229442,1.273638154,1.862113875,1.073973115,0.245973216,1.197587283,77,3
-12.06691532,1,2.580228963,3.240522276,1.869689784,1.049910688,2.339859153,2.093882311,0.959383562,-0.718085728,-0.796494355,1.160798703,0.230313032,-0.251976605,0.925721204,0.916239216,0.444775741,3.605206893,-0.042235517,-0.434420518,0.845695516,2.044424721,1.604154212,2.052691917,2.589423215,1.209442389,1.621338072,1.14214532,2.324655883,-0.625365175,1.696131571,2.013295023,-0.439231716,0.917010819,0.726401015,0.772335243,0.533208275,0.898276334,-0.462675036,1.708857043,0.380896271,1.44527213,2.157563675,-0.068323058,1.347675053,0.751157463,-0.379312902,3.055749625,2.492187206,1.204742565,0.441575196,2.07907679,1,2.580228963,3.240522276,1.869689784,1.049910688,2.339859153,2.093882311,0.959383562,-0.718085728,-0.796494355,78,1
-13.24056668,1,2.085366373,1.704136571,1.550807217,2.260261369,-0.425237848,0.698809345,2.150890947,-0.037409179,-0.054115213,1.659148988,1.40558423,0.745298984,3.445807368,0.440799032,1.123370521,-0.133401018,-0.667552443,1.102187332,2.120705298,0.90904103,0.634972035,0.649856441,1.310577012,1.002186998,2.078480949,1.618832234,0.99543843,1.038529576,2.072011264,1.889140211,1.895151922,1.544116454,0.728998445,0.9198265,3.497981761,1.520764382,1.67387076,0.719409828,1.316522235,1.859263446,2.31868913,0.836164051,1.116721826,2.941210272,0.99962293,0.750473164,2.071350895,1.150523825,1.832122973,0.867560644,1,2.085366373,1.704136571,1.550807217,2.260261369,-0.425237848,0.698809345,2.150890947,-0.037409179,-0.054115213,78,2
-6.228026217,1,1.181791282,2.458256871,0.241208781,0.540520892,0.089983546,0.771163237,-0.211589781,1.041012953,0.574439669,0.107774296,2.342432218,0.660847927,2.030941259,0.506891092,0.821157976,2.427615603,1.638283775,1.465662216,-0.713470431,0.515265638,1.783125071,0.307954445,1.207701819,-1.434721733,1.163067113,0.535664576,0.726994874,2.619066522,-0.684467212,0.204225021,-0.349828864,-0.187220844,1.013916446,0.501822983,-0.085174643,2.391611232,-0.746985634,0.520533798,1.289925689,-0.094612764,0.848771611,2.71281272,0.125506961,1.796698478,1.139825264,0.666000486,1.953886821,0.155079963,0.539241498,-0.038356884,1,1.181791282,2.458256871,0.241208781,0.540520892,0.089983546,0.771163237,-0.211589781,1.041012953,0.574439669,78,3
-4.059779554,1,1.251449894,0.568096534,0.639721638,-0.88914967,1.083371105,1.332035702,0.214635841,1.16612475,0.597482632,-0.744782617,0.567316546,0.279916661,1.14679665,0.707480428,0.686335518,0.285092236,1.587496614,0.65443863,1.080515281,0.209071352,-0.258875488,2.091099878,0.854237173,-0.27943445,2.430413924,0.815588692,0.067372721,2.622407386,-0.577938632,0.717812269,1.47238401,0.6560912,0.459855526,2.365176015,1.760023929,2.31084788,0.852246731,0.452359503,1.872829412,0.373459488,2.472079585,1.255833804,0.518450929,1.231673172,0.776691239,1.970694963,-0.925720633,0.717002485,1.204485321,0.944949997,1,1.251449894,0.568096534,0.639721638,-0.88914967,1.083371105,1.332035702,0.214635841,1.16612475,0.597482632,79,1
-10.35089306,1,1.972314449,0.539360643,1.198183457,1.357813558,-0.799161768,2.502761628,0.656607633,2.733363582,0.677381538,0.916102516,-2.050311941,0.76076182,1.758857914,1.928586235,1.828752422,2.413104918,-0.028801231,2.932391502,0.450975899,0.096830326,0.372561514,2.147030273,0.202194019,0.898197767,2.035169775,0.593065984,1.711751259,0.664274065,0.717982902,1.428533128,-0.060955199,1.366611137,0.109719263,2.238022293,-0.375533626,0.508214598,1.714393707,1.874668682,0.952175286,-0.099545172,0.650280413,0.170936495,1.038639076,-0.067271505,1.363597867,1.428275281,1.946171808,1.332820643,0.533294305,-1.004973857,1,1.972314449,0.539360643,1.198183457,1.357813558,-0.799161768,2.502761628,0.656607633,2.733363582,0.677381538,79,2
-1.301287439,1,-1.083510619,0.437864295,0.811584726,-0.531603597,-0.525490024,1.398804551,0.273128017,0.757427562,1.352332086,-0.752350884,-0.031754577,1.396749965,1.110373922,1.760800361,0.21385505,0.670674146,1.866549022,0.3011938,0.782333525,1.795020942,-0.000941159,0.785395284,-0.1226142,1.604069567,-0.398286962,1.877681936,1.583359626,1.623828868,0.944174512,0.418912693,-0.40027821,0.774000135,2.023030444,3.344294814,0.669493751,1.333270108,0.621724987,1.607839295,-0.086774005,0.730098689,0.703507389,0.795098031,0.573306613,1.307762356,1.352549097,1.850265509,1.068697341,1.231325056,1.162869977,-1.600523905,1,-1.083510619,0.437864295,0.811584726,-0.531603597,-0.525490024,1.398804551,0.273128017,0.757427562,1.352332086,79,3
-10.23248273,1,0.613580062,1.864773534,0.221502785,2.994492781,0.579940693,0.493863796,-0.368741214,0.258949024,0.99861463,-0.160450179,2.26443871,0.431371214,0.211436191,1.398445557,3.487229637,0.844120574,1.931737336,0.937739104,1.049294523,0.786038145,2.054162103,-0.791336298,2.022730295,2.254175327,1.576669061,-0.057204358,1.637068117,1.751380068,1.624429025,3.065232482,2.61150986,0.097231568,0.979694812,0.519438995,0.997302492,-0.037896529,3.072921032,2.233667273,1.340201743,2.207372077,0.487578307,-0.382620723,2.541669476,0.574260703,2.808416508,0.792411861,0.304024688,0.036559805,-0.183065633,1.801617427,1,0.613580062,1.864773534,0.221502785,2.994492781,0.579940693,0.493863796,-0.368741214,0.258949024,0.99861463,80,1
-9.986604077,1,1.552291243,2.155509426,1.968282989,1.361245132,-0.089338483,-0.528042995,1.330968035,2.332161068,-0.478768231,0.14760219,-0.64064044,-0.620178479,-2.085664917,0.036569379,1.578276704,1.797910982,1.024340007,2.077606146,1.42958973,1.206434163,2.03226507,1.319582561,1.487830341,1.260310552,0.901365453,0.18856137,-0.004041573,0.518928586,-0.139527113,0.404134063,-0.103627559,1.833850497,2.860035831,-0.866183299,1.385038253,0.262450633,0.207894381,0.575812172,-1.291738818,1.407148198,0.587697299,0.563513021,0.341387986,1.711121632,2.580551883,1.203850685,3.456669053,1.480260632,1.831316438,0.103637414,1,1.552291243,2.155509426,1.968282989,1.361245132,-0.089338483,-0.528042995,1.330968035,2.332161068,-0.478768231,80,2
-9.481429852,1,0.929633655,1.314368658,1.119960205,1.750614973,-0.302630434,2.363746459,1.704784624,-0.526938664,-0.231956804,1.110245875,1.256715178,0.062106853,3.323914276,0.728084947,1.065328208,-0.301870958,0.207109835,0.187383501,1.03925923,1.852563339,1.90472569,-2.552487927,0.817533259,1.028259819,1.789697117,0.097743098,-0.664539847,0.328416127,1.335090245,2.845963739,-0.227935483,0.268780902,0.886133025,0.649838835,-0.340245895,2.22830565,2.013815402,1.393250048,0.718191229,0.005287878,2.063026226,0.226639575,1.590957923,1.643308713,1.44328046,1.006842057,2.567643842,1.293636765,1.566409653,0.065060247,1,0.929633655,1.314368658,1.119960205,1.750614973,-0.302630434,2.363746459,1.704784624,-0.526938664,-0.231956804,80,3
-4.052742574,1,0.215123469,1.105435824,1.244838531,-0.101607217,-0.110150653,0.51731635,-0.470653655,0.749270999,1.382081173,0.459953821,2.272310845,2.367028261,1.259570655,1.441320209,-0.468827393,0.139547929,1.958961478,1.853352542,-0.990277079,0.423165185,1.50447839,1.427243682,0.50912926,0.211641659,0.497466051,1.463262583,1.035389051,1.270908672,-0.394629339,0.678741001,1.249299969,0.688088564,0.595109661,0.541374802,-0.063120592,0.807583028,2.052221104,0.501280891,-0.135808564,0.37154661,1.844579868,-0.071493901,0.328224761,-0.23683103,0.507007424,1.159283719,0.611395752,2.313066024,1.296332593,0.663847991,1,0.215123469,1.105435824,1.244838531,-0.101607217,-0.110150653,0.51731635,-0.470653655,0.749270999,1.382081173,81,1
-5.897246983,1,1.899037092,1.096614005,-0.392357972,0.646677492,-1.555335615,-0.504082512,0.203617805,1.176854765,0.108922214,1.520157476,0.205758649,1.847560104,1.201933458,-0.245197598,1.281028143,1.411207197,0.302776092,1.661325799,2.018322959,2.9587164,1.265838175,0.022298637,-0.009533091,0.388641424,-0.463685153,1.825079743,0.468343397,1.489816115,-0.222476407,1.289569287,0.60958015,0.684629144,1.399775405,0.144758762,0.163699168,2.501910401,1.012719203,2.579718682,1.265995604,0.070042356,2.631491912,0.735162709,1.361265312,1.08580361,0.821348864,1.817059556,0.355711651,0.938349198,0.817065642,1.796738646,1,1.899037092,1.096614005,-0.392357972,0.646677492,-1.555335615,-0.504082512,0.203617805,1.176854765,0.108922214,81,2
-7.57396061,1,0.030090686,0.956313141,0.818494726,1.893370325,1.143754951,-0.071377477,0.861564468,0.410513657,0.59827734,0.791861796,0.646291733,0.800772174,-0.580894465,-0.191856032,1.593720749,0.258368742,0.867461403,1.863443465,0.757196526,-0.545106744,0.83082039,1.53686376,1.078411221,-0.357679819,-0.280392004,0.671043664,-0.562030202,1.306502816,0.869075536,-0.666803256,1.464957409,1.953622175,-0.476391057,1.318797133,2.784744032,1.451261632,2.593789304,-0.419380456,0.332735949,0.705221093,1.753323259,1.372572003,1.405407531,-1.660585769,1.049748149,3.104099874,1.625000084,0.878343097,0.175113146,0.647023583,1,0.030090686,0.956313141,0.818494726,1.893370325,1.143754951,-0.071377477,0.861564468,0.410513657,0.59827734,81,3
-11.08142885,1,0.705809102,1.208910497,3.177727165,-0.145986806,2.944616583,1.277548717,0.956901302,1.399376599,1.558335023,-1.111904221,-0.487071638,-0.392503692,-0.168479445,0.619784728,1.509530117,0.805051948,0.720086713,1.962641811,0.241983715,0.864505427,0.507132916,0.482667137,2.215545348,0.738579214,2.325063062,0.786930275,2.584070185,-2.378825985,0.303372019,-0.373592672,0.918475187,0.516467146,0.967169122,-0.387848492,0.706740355,0.361001734,2.408760486,0.360091093,2.29705227,0.013618073,0.78215201,1.774468403,2.182503605,1.462840119,1.669126809,-0.076046274,1.767029332,1.014920404,1.746096633,1.146695951,1,0.705809102,1.208910497,3.177727165,-0.145986806,2.944616583,1.277548717,0.956901302,1.399376599,1.558335023,82,1
-11.63900179,1,1.502862886,1.469348843,1.141198135,2.034840186,0.59430219,2.625186646,0.821283181,2.719519439,1.323231701,1.182318357,0.587192799,-0.179480084,0.60751232,-0.041876272,-0.171172377,-0.652433341,0.23578712,1.380777634,0.257892015,0.963914519,1.136652783,-0.406863738,1.350770367,1.450245973,1.608163329,0.899090973,0.852776751,0.170424304,0.308888839,0.651156911,1.93475364,2.789165344,0.155570351,0.559122465,1.824347528,0.912110712,0.454438056,-0.145799702,2.1449795,1.462383553,2.733368755,3.655380494,2.799379958,1.017342653,-0.956221881,0.554395829,1.514333881,1.535217531,-0.348597605,1.318930519,1,1.502862886,1.469348843,1.141198135,2.034840186,0.59430219,2.625186646,0.821283181,2.719519439,1.323231701,82,2
-4.281379805,1,-0.277277964,0.396929907,1.425571704,0.445359372,1.47426762,0.005011605,0.64005065,0.64383859,-0.877274684,1.829104066,-1.058148859,1.889972762,1.324092942,0.249551873,-1.047439476,1.941098373,1.151604777,1.493104126,3.202387314,1.49705939,-0.939236145,2.202718377,0.668106739,-0.847954501,1.524912927,1.853952735,-0.783500455,1.844188033,0.192798051,2.039494175,0.046107963,1.855200199,0.944742568,0.08365095,0.098772031,0.402599496,0.661181024,1.148649771,-0.350842938,1.070228498,1.459344595,-0.295072652,1.69642454,1.244092488,2.658486535,2.274091741,0.515989835,0.910639003,-0.738902521,-0.61117386,1,-0.277277964,0.396929907,1.425571704,0.445359372,1.47426762,0.005011605,0.64005065,0.64383859,-0.877274684,82,3
-4.433688571,1,0.946829873,1.064853265,-0.623251448,1.361057141,1.473779391,0.966647417,1.209139004,1.315345873,-0.465935236,1.365659398,2.188859185,2.77749915,-0.245625448,0.565499175,2.573679105,0.456852492,2.013199508,0.289966766,0.922277991,0.631232044,-0.873713208,0.741884113,0.138731107,0.055992124,-1.094917323,-0.047804126,1.302118163,-0.731013344,1.890867823,-0.600522501,0.228278785,-0.418937138,0.916623856,0.086333397,0.502911341,-0.853284038,0.943432281,1.670550443,1.858231037,-0.482070464,-0.167909506,1.794914104,1.919051772,0.476056956,2.687772385,0.058098637,1.235605962,1.550813123,1.801820514,1.405636094,1,0.946829873,1.064853265,-0.623251448,1.361057141,1.473779391,0.966647417,1.209139004,1.315345873,-0.465935236,83,1
-3.350711382,1,0.446254545,3.2883395,0.426501187,-0.703559312,0.754055561,-0.046471382,0.331458415,1.271288993,1.397270441,1.920213388,1.231523228,0.746369181,2.55983274,0.698740144,2.463268474,0.603410392,-0.124945111,0.015328455,-0.380033662,0.597913595,1.994477886,1.588405597,1.931127438,1.036385543,1.451923238,2.299098358,1.393130854,0.389224058,-0.527372676,2.135856077,1.883296847,2.20193657,0.191130525,0.521229786,1.035776516,1.152745331,0.224205996,1.676589835,-2.031003289,-0.44501995,0.562543396,0.86599579,2.523326539,1.268775403,2.678310039,1.034643272,-0.301984509,2.28374206,0.382539803,-0.110023238,1,0.446254545,3.2883395,0.426501187,-0.703559312,0.754055561,-0.046471382,0.331458415,1.271288993,1.397270441,83,2
-7.633232814,1,0.649112754,1.73101638,1.798021577,0.404737581,3.102744121,1.802032775,1.59593819,0.96920651,0.975779544,0.968216405,2.764248182,1.928057938,0.149963569,1.066804183,0.512713961,0.385765661,1.598328735,3.179180378,1.058999226,-0.083937802,1.326758779,-0.268489146,1.333563902,0.487251866,1.007694702,1.703930634,0.642635251,-0.18203257,4.456175366,1.568807487,2.843269264,1.66879571,0.858148569,3.378919606,1.702045216,2.679405154,1.532097146,-0.669035632,2.698605403,1.461946154,0.530646567,1.167802645,1.258475247,0.271586784,1.32792363,1.945616734,-0.285247661,1.803500805,1.296374793,1.219910846,1,0.649112754,1.73101638,1.798021577,0.404737581,3.102744121,1.802032775,1.59593819,0.96920651,0.975779544,83,3
-5.876931442,1,0.935389953,-0.113312011,0.267910276,0.564524431,1.43401547,-0.378924233,1.790103308,2.96532884,0.83632204,0.99535477,1.456359312,0.84301646,1.650443903,2.838136967,-0.296038325,2.31068033,0.883574672,0.144033583,1.837416507,-0.110549956,1.089364562,-0.971683589,1.212949576,-0.602365678,0.406906996,-0.587949966,0.091707747,0.871968446,1.226757638,2.996429194,2.153070763,1.040749678,0.026497147,-1.543245796,2.492042223,-0.349585843,1.257034491,1.63050109,1.877885661,0.728771153,2.459216812,0.81707161,0.389549113,0.894166961,-0.004348675,1.015114824,0.778508655,0.824960748,0.233824192,1.783543165,1,0.935389953,-0.113312011,0.267910276,0.564524431,1.43401547,-0.378924233,1.790103308,2.96532884,0.83632204,84,1
-3.930687187,1,-0.232353975,1.608229284,0.433780143,-0.584652065,1.918189476,1.369591172,-1.830964327,0.522730301,2.312904269,-1.121482003,0.094487724,0.953417252,1.284513487,3.37691659,1.142591664,-0.502887679,1.246891722,1.628301913,0.844650452,0.848277765,0.123686651,-0.015385006,1.035130003,0.683439191,1.344379124,0.490882894,0.468189626,2.107416837,1.834290215,-0.281897798,-0.070067648,3.006334339,-0.336467753,-0.16176687,0.679360761,1.326703431,1.680220472,1.358130997,3.144912099,1.120754377,0.352196568,1.110124705,1.380594134,2.225442957,1.198857672,0.707697387,1.658164063,2.794991157,2.116361698,0.448747188,1,-0.232353975,1.608229284,0.433780143,-0.584652065,1.918189476,1.369591172,-1.830964327,0.522730301,2.312904269,84,2
-6.509910516,1,0.775972257,0.986884578,0.869743165,0.651414615,2.609362457,1.378204368,2.512427917,0.343821224,1.024744767,1.587812457,3.012671497,1.335806153,-0.211865257,1.889526383,1.622315285,1.519416626,0.574607629,2.463046245,-0.456771761,0.972319446,-0.464416995,0.314615199,0.732084751,1.143601343,1.137277455,0.619477936,1.166096186,0.444704291,-0.943440929,1.219947975,1.84883326,3.163293701,0.473576704,-1.997334972,2.990215102,-0.84008193,-0.092032807,2.487648276,0.407112902,0.615179825,0.212473762,1.386348487,2.561704926,1.473915882,0.437541975,1.721492366,2.186020943,2.309632114,0.207580406,1.954211363,1,0.775972257,0.986884578,0.869743165,0.651414615,2.609362457,1.378204368,2.512427917,0.343821224,1.024744767,84,3
-8.534438839,1,1.711061844,0.907036555,0.70689419,0.62529827,1.210505022,1.444790459,0.588760201,-0.437304716,0.279093872,1.163368859,-1.109995582,1.146549592,3.365308872,-0.245620891,1.475712652,1.424194104,2.391855713,1.473538754,1.815545528,1.321602321,2.837668647,3.257251828,1.736976736,1.159310141,0.98214098,0.574847913,-0.481392102,1.82826192,1.797444667,1.806158845,0.268655155,0.758481101,2.64000098,0.285425277,0.642706848,0.728569901,1.443618206,3.513893167,-0.508759698,1.652053443,1.308672434,1.377358201,-0.561391212,1.962990718,-0.056477516,1.04086521,0.585308793,1.12221878,1.656553248,1.367777484,1,1.711061844,0.907036555,0.70689419,0.62529827,1.210505022,1.444790459,0.588760201,-0.437304716,0.279093872,85,1
-17.47104071,1,3.85086404,0.898271252,3.065328668,0.695054545,2.743625735,-0.54991299,1.923795588,1.366414104,1.497302444,-0.377671873,0.517432796,0.423212755,1.114425572,1.804118087,-0.315893132,-0.222591212,0.709076215,1.951533038,0.904632386,1.958351324,3.158032144,0.746882794,0.740658068,0.775908124,1.323217933,0.321666254,-0.207974906,1.438527699,-0.030913736,1.348768972,1.618526145,1.409240411,2.213055244,1.711981999,0.263109797,1.167444842,1.647678154,1.235724504,-0.35497785,0.847801169,0.963788698,0.210969257,0.146067776,-1.247122485,2.367614559,0.016527708,1.375926748,1.249443955,1.518867758,0.841928406,1,3.85086404,0.898271252,3.065328668,0.695054545,2.743625735,-0.54991299,1.923795588,1.366414104,1.497302444,85,2
-5.47819563,1,1.300702939,1.593015321,0.333785324,-0.34540183,2.004308593,1.320568871,0.492997829,0.274680828,1.919585433,1.349403768,-0.922844658,1.121924074,0.290262945,1.048942006,-0.484835754,2.351813744,0.011793654,1.758636023,1.03910233,0.480656544,3.031596208,2.20391864,0.271683273,3.133268055,1.741614241,0.185084538,-0.163613846,-1.637695309,1.22956037,3.107137439,2.64404978,1.147817512,0.673790443,2.999104101,1.509359379,1.074964724,1.671470285,-0.37398881,1.197051669,0.620164134,0.390959622,1.779463183,3.101217074,2.379449552,1.223565658,1.401793416,1.323646216,1.943903343,0.900768926,0.184344404,1,1.300702939,1.593015321,0.333785324,-0.34540183,2.004308593,1.320568871,0.492997829,0.274680828,1.919585433,85,3
-13.16230489,1,0.476940705,-0.081562686,1.880143914,2.160770143,0.223056468,0.040265247,-0.111049381,0.923406361,2.497940267,0.716407655,1.258747096,0.669788493,3.09619705,1.060001053,0.781714481,-0.547310699,2.00533757,2.594544428,1.033947813,1.065471147,1.480687909,1.096142626,0.738664266,1.758770609,2.053796209,0.955682814,-0.429675705,1.373670453,0.666379284,-0.174486215,-0.821864142,1.471958599,0.155202143,0.579876155,1.09356953,1.314248346,-0.804367893,2.512438762,0.598304474,0.300795135,1.197501273,0.516038347,-0.482387143,1.41580646,0.795931504,0.888825246,1.859680455,1.003725541,1.281838858,0.533800512,1,0.476940705,-0.081562686,1.880143914,2.160770143,0.223056468,0.040265247,-0.111049381,0.923406361,2.497940267,86,1
-8.656326206,1,0.130870436,-1.257067081,-0.408645517,2.909623345,-0.070011214,0.496485068,1.012502912,0.388653927,1.093079131,0.599149245,0.373457262,0.200971842,0.459241824,0.636370106,0.531949573,2.12837391,-0.282045222,2.669124631,0.892605961,0.90158893,1.520345363,0.20020587,2.387000036,3.548817751,1.311327128,0.65766936,0.911428106,0.020566878,0.304580669,-0.320055049,0.379339977,1.519976838,2.544002768,1.149389369,0.567276181,1.714280697,2.656362667,2.097657008,1.574404759,0.296772063,-0.433521056,0.930159933,1.470333091,0.431351931,1.663030916,0.954482739,1.295732747,1.250349929,0.935964548,1.183927196,1,0.130870436,-1.257067081,-0.408645517,2.909623345,-0.070011214,0.496485068,1.012502912,0.388653927,1.093079131,86,2
-6.929212765,1,2.070679146,-0.943907672,-0.076332675,-0.317981886,1.171941855,0.313275484,1.032127286,1.382770822,2.628680857,2.146380354,1.077475724,0.44884961,2.647059593,3.087219983,1.591340351,0.522353332,2.519840976,1.119484267,0.74297626,2.340299967,1.070668276,-0.938510565,1.451024325,-0.439537674,1.132503739,1.497613578,0.199414424,0.805708379,0.32976952,2.495629876,0.482158181,1.038960007,0.501636193,2.512580131,-0.086645939,0.597117577,0.343460621,-0.146467909,1.177359746,0.547582177,1.041481472,-0.237423786,2.098288755,2.59963621,-0.062392297,1.622826979,1.984174804,0.76869348,-0.334693035,1.464016674,1,2.070679146,-0.943907672,-0.076332675,-0.317981886,1.171941855,0.313275484,1.032127286,1.382770822,2.628680857,86,3
-11.3893739,1,1.246441339,1.640511343,1.415430256,1.778705877,2.294340377,1.679145807,0.499287112,1.170617788,0.532523286,0.933582583,-0.130459113,-0.435242031,1.126182953,0.379886962,0.404164466,0.82542668,0.958116546,2.42433984,1.283106193,1.741916716,1.694539005,0.889521957,-0.685983931,1.496455886,2.548039811,-2.421950268,-0.224690857,0.669663426,1.281913515,1.244710307,0.746279826,1.859628716,1.714629002,0.984359515,2.698070264,1.028771745,0.565682169,-0.505553493,-0.272031657,1.953961405,0.003194011,1.10495375,0.911455987,1.935384257,0.467026583,1.090300167,1.350212093,2.023466056,1.960565977,1.929722735,1,1.246441339,1.640511343,1.415430256,1.778705877,2.294340377,1.679145807,0.499287112,1.170617788,0.532523286,87,1
-12.66824901,1,1.315372383,2.052136972,0.351963266,2.780591334,2.097474015,0.115123253,0.690749882,0.76635023,1.958312252,0.955861853,0.208711343,1.781801756,1.198541053,0.830319999,-1.141915645,2.099734244,1.325693513,0.270342291,1.206951306,1.225209439,0.583671339,-0.046611074,1.504363976,1.222749747,0.526093552,0.587565664,0.490948752,0.749391679,-0.318163616,1.226606569,2.745539127,0.601505332,-0.29993182,1.392811985,2.883527166,0.898933794,1.607433616,1.229692767,-0.098388142,2.46149157,0.53593899,1.102147116,0.487222488,1.681646432,0.407959146,1.055978836,4.193927125,2.205249085,1.323901725,1.856073338,1,1.315372383,2.052136972,0.351963266,2.780591334,2.097474015,0.115123253,0.690749882,0.76635023,1.958312252,87,2
-9.898837392,1,1.020194299,1.595638334,0.76508303,1.050290211,2.748505982,0.347334228,1.806484932,0.801764205,1.268469194,1.217480214,-0.84646908,2.21834247,0.43614299,1.94879084,1.304111583,1.694721277,1.689737305,0.780962043,1.617100245,1.868146892,1.010386383,0.68259729,0.379750007,3.309274265,0.168224532,1.795251935,-0.273201459,2.726401862,-0.74348902,0.15626923,1.022483181,2.089340292,-0.046821669,1.211735134,0.292006682,0.791743921,-0.381956378,1.091067805,1.779023911,2.392949544,1.653044825,0.543203044,1.753441343,0.587058952,0.21171907,0.107536335,2.309086041,0.742016459,-0.27885201,1.443376069,1,1.020194299,1.595638334,0.76508303,1.050290211,2.748505982,0.347334228,1.806484932,0.801764205,1.268469194,87,3
-9.902178964,1,2.055485137,-1.374256466,1.646276341,0.073237062,-0.227336795,0.494294842,0.469894818,-1.89183143,0.355680161,1.751765456,2.095015358,0.961050517,1.182656291,0.874168967,0.442511887,1.107295101,1.141098665,1.878734565,2.663047714,1.417710392,1.23858994,1.592950306,0.32480129,0.488464258,-0.331902668,1.329929973,1.567717479,3.780654413,0.873636479,1.230368597,0.665507901,0.595154582,0.835895283,0.326801655,0.874411443,2.501209668,0.702309671,1.889185475,1.143527297,0.819449158,1.407495563,1.607217555,2.090751492,-0.591761737,0.545411269,0.564697965,1.163767206,2.99898393,2.527517302,-0.835998605,1,2.055485137,-1.374256466,1.646276341,0.073237062,-0.227336795,0.494294842,0.469894818,-1.89183143,0.355680161,88,1
0.401202666,1,1.095388742,0.763952681,0.752631539,-0.275761442,0.676459551,-0.559019789,0.778087146,2.616149896,1.692445209,-0.441938406,1.73803523,0.691099512,1.75678469,-0.72981293,1.338258411,-0.959440359,1.176444823,0.773542214,1.229466639,0.483259194,0.065955579,1.803151234,0.91063849,2.164765703,1.768056095,0.396288023,0.636834328,1.1605393,1.332497106,1.296571225,-0.514817458,0.218812852,0.145524181,2.287738776,1.999860159,1.097191751,1.485204163,0.803913842,1.044788315,-0.137405084,0.656924692,0.667937917,-0.057695021,0.962337468,0.845159893,1.277020075,0.478892588,0.21256452,1.362162743,2.902063601,1,1.095388742,0.763952681,0.752631539,-0.275761442,0.676459551,-0.559019789,0.778087146,2.616149896,1.692445209,88,2
-8.75263864,1,2.411221927,3.537392521,-0.269571504,1.530282661,1.279526749,2.367693308,1.836915566,1.747953533,-1.398207653,0.336122871,1.439313719,1.686764292,1.34320139,1.560276178,0.066180854,0.967920834,3.091450037,1.288708171,2.754349408,1.87381247,0.863644162,0.492351345,1.972553134,0.3477998,0.946415819,1.099845844,0.993857442,0.967967476,1.580231015,1.629356103,0.873889439,0.722971031,0.664951288,1.3063907,-0.215862068,0.334639191,1.474372012,1.850373868,1.766946444,-0.767624563,0.290763322,0.504693564,2.374580711,1.248222966,-1.534976672,1.550750912,0.644934034,0.056567094,1.2397115,2.495014157,1,2.411221927,3.537392521,-0.269571504,1.530282661,1.279526749,2.367693308,1.836915566,1.747953533,-1.398207653,88,3
-2.009936614,1,1.638660356,2.466984796,1.698439003,-0.124755931,2.408820226,0.841468894,1.344293158,2.253548974,1.575023102,0.286440878,1.321401649,-0.426211896,-0.685960319,-0.083691481,0.132558071,0.690782682,1.156609592,2.078691072,0.271274129,1.164231283,0.836004972,0.292935224,-0.369826166,0.799016339,2.113748769,-0.394884902,0.624853852,1.911686165,0.653698678,1.128541731,1.100156842,-0.706928807,1.922666963,0.093771946,0.554531778,0.39243631,2.09946536,1.068814277,2.160887934,0.167324198,1.021539878,0.395063348,1.34003352,-0.812325259,0.535967938,2.648697581,-0.071604131,0.915031665,0.610272486,1.434672029,1,1.638660356,2.466984796,1.698439003,-0.124755931,2.408820226,0.841468894,1.344293158,2.253548974,1.575023102,89,1
-4.078115921,1,1.584430039,1.228904869,0.877114549,0.53140568,1.797348389,0.838491059,0.235371105,1.274936568,1.648053782,0.445977873,1.558174118,0.91763501,1.856569675,-0.071337952,0.332056966,1.937923641,1.675709394,2.46322938,1.020847395,-0.41918276,1.527629068,0.808538866,0.983482969,1.698178519,-0.490569309,-0.340016578,1.076666366,1.834830961,0.890916265,-1.305471329,0.615440918,-0.240089121,0.621231519,1.230573908,-0.660309613,1.388603548,0.111611985,2.437130888,0.153442667,2.154904141,-0.053309065,0.834677779,1.206480076,1.798756794,0.195174208,3.17973668,1.402169173,1.035932182,1.099882907,0.725266471,1,1.584430039,1.228904869,0.877114549,0.53140568,1.797348389,0.838491059,0.235371105,1.274936568,1.648053782,89,2
-6.003803548,1,2.106545277,0.921621847,1.008971912,1.297271126,1.016102671,0.238772972,1.608518163,1.480966267,1.045522592,-0.044206332,0.133994696,1.380804322,0.818897479,0.28218753,-1.134049726,0.204636447,1.765825594,0.642914506,0.915748064,1.056483967,1.641616762,1.907982596,-0.405216329,2.390047965,0.650285611,1.568590809,2.427676277,0.400615136,1.3335849,1.584024845,1.575842845,0.648016299,1.825531974,0.138880195,0.384364206,0.714686517,-0.324381302,0.873873347,0.180085345,0.241743043,-1.002726078,0.676057845,2.098903137,0.026515793,0.371983441,1.408479416,2.504997779,-0.419580535,0.486639098,1.37470923,1,2.106545277,0.921621847,1.008971912,1.297271126,1.016102671,0.238772972,1.608518163,1.480966267,1.045522592,89,3
-4.795339589,1,1.075296159,-0.171283348,0.533942703,2.377150385,0.305960885,1.38326949,1.391185989,0.670465874,2.867120082,0.251665671,2.344052222,-0.222261785,0.688990022,1.423837535,1.354254374,1.106202402,0.717031102,1.369110515,-0.432065379,0.484082467,-1.553998145,0.600203136,-0.837383515,3.160160028,0.253509956,-0.227122712,1.665168427,0.6748971,2.221771854,1.133281041,1.009995881,1.458529571,0.003597362,0.48984946,2.640802519,-0.620800338,0.757676456,1.074245457,1.535792317,1.242313263,2.222900802,-0.45062997,1.777259234,-1.016053631,1.836702518,1.061259277,0.655347044,0.177750944,2.05143054,0.881181991,1,1.075296159,-0.171283348,0.533942703,2.377150385,0.305960885,1.38326949,1.391185989,0.670465874,2.867120082,90,1
-5.730696675,1,1.509635912,1.781977254,1.513334576,-0.107909054,0.548979247,0.73971257,1.018248823,0.674641827,0.988184609,0.37087869,2.087830882,1.831194567,1.559528993,1.331862872,0.5326035,-0.615357457,1.419770844,1.019394653,1.471973566,1.309079979,1.833192254,1.017855684,0.669596625,1.446712916,1.649515876,1.566334414,1.205712613,-0.290272808,0.084133086,1.674911168,1.341470252,0.213099718,0.072405157,0.170608855,0.68705367,-0.74735363,0.690741619,1.865070146,0.706096686,2.226258567,0.397401233,0.849062438,1.575940351,1.889478339,0.274396423,1.049281087,3.298767887,2.581318022,1.517583487,0.51318526,1,1.509635912,1.781977254,1.513334576,-0.107909054,0.548979247,0.73971257,1.018248823,0.674641827,0.988184609,90,2
-4.87151186,1,1.124198956,0.293775586,2.288000024,-0.174646423,1.605728821,-0.464439501,2.170170957,0.888485439,1.261025989,-0.545446612,0.394845929,0.952091746,1.043245785,1.556583813,-0.646352326,1.250267224,0.588095202,2.114447168,1.623446035,0.538207064,2.085955271,0.869652124,1.85255576,2.07131839,0.17625012,2.602635531,0.659766018,0.505541915,2.084436274,0.80444535,1.696923137,1.524289895,1.998536829,1.80374032,-0.030463131,1.864350333,1.521174515,1.574643512,-0.795847926,0.458217401,0.702739283,0.989365312,0.975537022,0.849580603,2.649201392,1.524912467,1.766452657,1.088590915,0.985781027,1.403971816,1,1.124198956,0.293775586,2.288000024,-0.174646423,1.605728821,-0.464439501,2.170170957,0.888485439,1.261025989,90,3
-10.35555013,1,0.720975759,1.266009375,2.15783341,1.232819641,1.415955952,0.56047692,3.34555113,0.815018182,0.190016285,1.206377498,-0.668377674,0.384233122,0.047595762,1.733338174,3.37265474,1.460579712,0.468858602,2.503398766,2.184001817,0.569308181,1.188988297,0.26562356,1.504575422,0.245610745,0.211568947,-0.918984672,2.483402775,0.625185758,1.206994851,-0.579572805,1.224414358,-0.04064145,0.995828045,1.034803777,0.862249345,-0.601391813,1.112062417,0.146444663,2.142913441,0.582466924,1.891513581,1.98175348,-0.481242852,0.890486348,1.032346932,1.183590066,-0.22179889,0.854074755,1.470428381,0.85232629,1,0.720975759,1.266009375,2.15783341,1.232819641,1.415955952,0.56047692,3.34555113,0.815018182,0.190016285,91,1
-7.318102081,1,0.826136598,0.561860766,0.930222463,0.554732627,1.889398558,0.568225389,-0.471775493,1.566733245,0.419192437,2.544814989,1.555872839,1.425598256,2.532861168,0.51856485,-0.004822355,1.182086049,1.672992191,0.928544932,-0.160798378,1.016626738,1.261371495,2.964149767,0.856917045,-1.089880926,1.836623744,-0.669899876,0.684624717,1.117624649,2.805926874,0.866294278,2.254591428,1.145521051,0.887414636,0.05105334,1.286155689,1.355298884,1.975979041,-0.48300356,2.746750988,0.791219417,3.456681174,0.080749466,0.547337406,-0.037090589,1.937336578,3.348517237,3.130808934,0.1745404,0.348776021,1.494979994,1,0.826136598,0.561860766,0.930222463,0.554732627,1.889398558,0.568225389,-0.471775493,1.566733245,0.419192437,91,2
-14.78600042,1,1.108326078,-0.771850615,1.259935422,2.595500448,0.640957683,-0.232040816,1.745116705,1.469695619,1.358258655,1.551745379,-0.397976897,-0.882374632,1.154985624,1.571454634,1.248993679,0.332552153,0.353768661,1.364503783,2.775578201,0.855777328,0.867844668,2.14662763,1.192421138,-0.143080488,2.858833842,1.280321067,0.380081151,-0.07616434,1.85532569,1.079819974,1.530427153,2.839747306,1.125172301,0.4654088,1.26276266,0.979613755,0.192696191,0.212151972,-1.523688626,4.258903108,0.370774674,1.27605935,0.690856331,2.205937482,1.061588666,1.054315846,0.624389292,0.238946129,0.915265434,0.777377628,1,1.108326078,-0.771850615,1.259935422,2.595500448,0.640957683,-0.232040816,1.745116705,1.469695619,1.358258655,91,3
-12.2322123,1,1.959119948,-0.301262835,0.985745757,2.139452186,-0.081730103,2.363012659,0.745316694,1.354076317,0.553569713,0.496392642,0.792108178,-0.171997045,1.728895236,1.167207501,0.42933302,1.38811103,-0.025074625,1.674175108,0.449913034,1.95285816,0.953642118,1.400614031,-0.552330447,-0.011334807,1.207615245,1.334418746,-0.022972779,1.534290132,2.254902867,-0.367699494,1.123531678,0.902547863,0.883021507,1.621215022,-0.470515701,0.613508011,1.552459959,1.153071121,-1.607874067,2.601590657,-0.341514645,1.298787067,-0.832065862,1.931242199,1.706694619,0.976476132,2.790239868,2.270650495,0.350351659,1.261211594,1,1.959119948,-0.301262835,0.985745757,2.139452186,-0.081730103,2.363012659,0.745316694,1.354076317,0.553569713,92,1
-9.649697554,1,0.185189801,0.295624836,1.485656821,1.733933538,0.89849194,1.054333099,0.854845417,-0.054172399,0.436458116,0.24894933,2.216391482,-0.180099006,1.318632571,1.231853987,3.656916215,0.820716079,1.860620601,0.367823787,1.38861704,0.540822216,0.519923008,1.030776605,1.663797115,2.313682555,0.55376735,1.569063664,0.663702224,0.785729339,1.158943339,-1.10053716,1.62393311,0.064979161,1.2556538,1.193671523,0.126438849,0.675553965,2.66313012,1.506264634,1.154924914,3.626657137,0.647492081,1.048042959,1.572732012,-0.395710543,-0.128070564,0.456405616,0.919693124,3.115040057,1.536878488,0.372888096,1,0.185189801,0.295624836,1.485656821,1.733933538,0.89849194,1.054333099,0.854845417,-0.054172399,0.436458116,92,2
-11.06152245,1,-0.345649367,1.775185415,1.919200078,0.790067537,0.266367413,1.046948963,0.715406998,3.776895354,2.642615146,2.15730884,0.247228064,0.652957679,1.68309499,1.513510031,1.405514671,0.99281732,0.626173139,1.700618368,0.944235241,0.128577278,0.802746301,0.607626432,0.973565127,1.536418109,1.850324133,1.178810341,0.559042911,0.561679233,0.513858913,-0.22882825,2.06508062,1.352591256,1.957834829,0.523589024,2.169714518,-1.369244763,1.512603923,1.782337541,1.565605628,-0.173989068,1.161094358,0.428443832,2.327496673,1.945001048,1.026243873,1.96486054,0.257035034,-0.978259983,0.497969623,1.218056349,1,-0.345649367,1.775185415,1.919200078,0.790067537,0.266367413,1.046948963,0.715406998,3.776895354,2.642615146,92,3
-11.17482773,1,2.006376289,1.97529197,0.485822137,1.320057722,0.187935963,1.001303938,0.548568085,1.207226266,1.323280077,1.770973363,0.169529932,3.683392661,1.604805221,0.024700963,2.702784068,3.009518808,0.54435197,-7.65E-05,1.571457154,1.313336692,1.000056419,0.489995575,-0.137301937,0.776492757,0.933636617,0.205452269,2.148194295,3.175783479,1.376327522,1.264762451,-0.380459076,0.309091758,0.235046567,-0.114694895,2.872775065,1.309986747,2.312423223,1.781816443,1.174362753,1.153635981,1.576170931,0.563026703,2.126984118,1.16877179,0.828349839,0.332038858,1.927979729,1.304476805,0.114282498,0.487534628,1,2.006376289,1.97529197,0.485822137,1.320057722,0.187935963,1.001303938,0.548568085,1.207226266,1.323280077,93,1
-9.8135677,1,1.701510729,1.721350406,0.800732309,-0.270480155,-0.726827151,3.130527985,3.369114728,0.363231485,2.296687949,-0.047503847,2.894658312,0.869261724,1.214840107,1.363829565,1.339886481,1.723111721,0.929895573,1.130286121,0.637269293,2.277494066,1.669257925,1.050357311,1.137689899,1.395961831,1.604148122,0.046778706,0.657952576,1.732921927,1.463009156,0.179910846,2.835651454,-0.379818373,0.956916324,-1.056827743,1.610133509,1.769876042,-0.228368183,0.988358712,0.642042466,0.853440175,-0.625600768,0.381539645,1.222414136,2.085322643,1.415800117,0.978739872,1.78447004,0.508800983,-0.305445535,3.111727865,1,1.701510729,1.721350406,0.800732309,-0.270480155,-0.726827151,3.130527985,3.369114728,0.363231485,2.296687949,93,2
-5.124662925,1,-0.254678475,0.654473149,1.247209885,-0.107364625,1.528846444,0.307802306,1.3164803,2.505472708,0.680049644,1.086716771,0.986756322,0.045311159,0.55193296,0.543570471,0.752293368,0.754402741,0.417019007,1.215254834,-0.987463097,-0.484679986,-1.088458575,1.561272414,1.601528609,-0.107181232,2.280648016,1.323880629,-1.562540042,1.238086145,1.683302286,2.268760969,0.138422841,0.7519932,2.323872143,1.571010459,0.56497375,1.081327837,2.581360526,-0.237026297,2.161477578,-0.042553179,0.833230374,0.719308955,1.158067154,1.060352822,1.500623072,-0.908197897,-1.231566204,2.71967409,1.339995209,-0.310676735,1,-0.254678475,0.654473149,1.247209885,-0.107364625,1.528846444,0.307802306,1.3164803,2.505472708,0.680049644,93,3
-10.84956915,1,1.035023955,2.297129181,0.131977399,2.658526131,1.236991504,0.330146657,2.505424873,1.322649906,2.524899299,1.853141599,2.438749531,0.31745075,1.594455829,0.502297312,1.37564325,0.211738003,0.237920767,0.895966805,1.456273762,1.337117394,3.254493934,1.769721169,0.608545953,-0.616604712,2.619042594,1.69493567,-0.071111866,1.931638871,1.305988381,0.382072333,0.41238749,1.340882951,1.893728465,0.803971702,0.80682499,1.509480764,3.453952606,-0.606511056,0.835585082,0.646292772,-0.857314463,1.595198855,1.030286633,1.439348785,-0.945289203,-1.35578207,2.090471934,3.242462485,0.584368884,0.148690878,1,1.035023955,2.297129181,0.131977399,2.658526131,1.236991504,0.330146657,2.505424873,1.322649906,2.524899299,94,1
-7.618741829,1,0.480535323,2.856096729,1.043070231,0.708788242,0.664877533,-0.836590716,1.395363319,-0.192189562,2.114652267,2.017345466,1.43309145,0.54349338,2.238320015,2.527163054,0.910860666,1.801866522,1.31408038,1.690275009,2.127292379,3.133374048,2.452508934,2.430711391,0.032798298,1.231071037,2.301328537,2.712246463,1.748865192,1.685613638,-0.343279009,1.586179558,1.694683767,0.57927285,2.774687275,1.014768308,0.297339695,1.464881056,0.807614001,0.277059947,1.773284407,-0.670543239,2.244559333,0.444317488,2.515483175,2.143184189,0.930123533,1.455018195,0.432619479,0.119818932,3.167984582,0.604454772,1,0.480535323,2.856096729,1.043070231,0.708788242,0.664877533,-0.836590716,1.395363319,-0.192189562,2.114652267,94,2
-9.806053097,1,2.913034569,1.650171813,0.143537278,0.801301912,-0.5485849,0.349676629,0.611590606,-0.043227006,2.604016794,0.50074985,2.576640907,1.32767256,-0.110024892,1.018841133,2.023342815,2.824190483,1.834085831,-0.177837801,0.542913255,0.091843203,1.834384601,1.465449939,2.702105902,0.21710574,1.374403168,2.48694152,1.481506559,1.460618867,1.404387287,1.42977983,0.554243164,2.527241558,0.586794583,1.326805998,1.05815902,0.757185522,0.957099872,0.116032087,2.232970508,1.911267007,1.325868539,2.599778014,2.137917979,0.890918363,3.277224724,0.397014476,2.991191918,1.908810773,2.345793912,1.282050625,1,2.913034569,1.650171813,0.143537278,0.801301912,-0.5485849,0.349676629,0.611590606,-0.043227006,2.604016794,94,3
-8.476249924,1,2.312803849,-0.566060463,0.817996109,0.451001757,0.834479195,1.857444016,0.60790922,1.296556363,1.526021252,0.223581507,0.069824695,3.257416846,1.16158677,0.693835018,0.160926911,0.24667949,-0.038209418,1.078247382,-0.107249713,0.929767058,0.907021542,-0.935108073,0.181178711,-0.234926242,1.577666875,1.596516851,0.343539628,2.0541313,1.144194622,1.810673571,1.987908312,0.215934272,-0.502416859,-0.294661735,2.697164903,-0.279936835,-0.579512211,-0.413651591,0.942585206,0.341825592,1.19636405,1.105248354,0.790233479,1.283898238,1.331603338,1.763566611,2.451685417,0.595481477,-0.075499742,-0.061599399,1,2.312803849,-0.566060463,0.817996109,0.451001757,0.834479195,1.857444016,0.60790922,1.296556363,1.526021252,95,1
-5.602628923,1,0.670110915,2.041529024,1.335431845,-0.392683584,1.255020423,1.94541072,-0.519662746,0.879611066,-0.38830517,0.15686111,1.884400462,0.323476946,0.584294072,0.932130954,-0.074159479,-0.659359254,0.825488889,1.235427311,1.336574569,0.465773908,1.160738639,2.29828234,-0.278422988,1.174457952,1.22509123,0.748065489,2.542582064,1.132696603,1.064448468,0.896867652,-0.482208756,1.482473115,1.107255618,1.651750183,0.269739035,2.399576128,0.387532081,1.171484365,1.718690001,1.016816344,-1.466889277,1.472959946,1.420087963,0.46488095,1.33127565,1.71888102,0.711359279,2.05209731,2.105194856,0.897359447,1,0.670110915,2.041529024,1.335431845,-0.392683584,1.255020423,1.94541072,-0.519662746,0.879611066,-0.38830517,95,2
-2.49377634,1,-0.371138072,-0.231202862,0.421582636,-0.283979099,-0.534313541,1.291605794,0.787743455,0.898344507,0.809597469,0.354406893,2.89716631,0.72158904,1.406142114,3.450410628,0.401367379,2.005781129,1.030257327,-0.22727868,2.347721374,1.511004459,-0.22625072,1.215719548,1.906194829,1.25098418,0.232577375,1.80179099,0.769150665,1.320138202,0.247950991,1.768543866,0.264965764,2.882956734,0.34184106,0.957506493,-0.682503921,0.394806095,1.746870734,0.536821113,0.557320733,0.800237045,0.893849205,0.59637189,0.129378432,2.611178401,2.404477501,0.592353136,0.826132252,0.697259864,3.370017378,3.159747099,1,-0.371138072,-0.231202862,0.421582636,-0.283979099,-0.534313541,1.291605794,0.787743455,0.898344507,0.809597469,95,3
-13.32224809,1,1.806590712,0.686653251,3.879442671,-0.054416335,1.500843038,2.000836241,-0.656839589,1.306715103,-0.684823872,0.852267774,1.755037623,2.157600789,1.234675265,2.426300199,1.56965767,0.853766677,0.353062206,0.738202672,-1.376202508,0.235607172,-1.109110762,0.045696623,1.390341945,2.333272556,0.70825084,0.166150096,2.449520326,0.303888704,-0.090569322,2.972455907,1.586909945,0.382762054,2.825958688,0.096223892,2.60817257,1.075391217,0.194296694,0.341029706,0.311801529,0.485242192,0.018652373,0.669398294,1.936115503,1.585956892,0.853433016,0.482803199,1.46831865,1.567255807,0.906408554,2.80235168,1,1.806590712,0.686653251,3.879442671,-0.054416335,1.500843038,2.000836241,-0.656839589,1.306715103,-0.684823872,96,1
-5.331143478,1,0.602052261,0.793769194,-0.238353115,0.916026894,0.823955758,1.920106777,1.950391276,-0.415729272,2.078188527,1.005198412,0.181638173,1.086705231,-0.179642814,2.494178619,-0.183276122,0.771395362,1.453020137,1.065772476,0.495676611,-0.299779226,-0.357897648,2.620248408,0.146047825,1.571087547,1.289848109,-0.378398476,2.604066511,4.345092823,1.049801048,1.012584891,2.042015304,1.169148493,0.544337934,1.206872773,0.598517536,0.12153904,0.446913746,-1.559745422,0.058067338,3.10421257,0.385094535,0.331086504,-0.316581941,0.161525309,1.396793982,1.313482172,-0.564860106,-1.001585953,2.587308621,-0.929260658,1,0.602052261,0.793769194,-0.238353115,0.916026894,0.823955758,1.920106777,1.950391276,-0.415729272,2.078188527,96,2
-4.035554052,1,-0.709090988,1.426539642,1.8673612,-0.605816418,1.652680001,2.738031258,0.386876527,-0.402293193,1.482600718,1.507527691,3.262237802,2.013298617,-0.510068808,0.425189961,-1.005275816,0.938197363,1.475583545,0.427246889,0.209157756,0.955979245,2.223728235,-1.220904584,1.962839398,-0.94419379,1.133446431,0.242178788,1.894421606,0.195624805,1.627765165,-0.685286142,0.438150513,-0.152758271,1.378470213,0.198661082,0.278928213,2.514408059,0.325334447,0.42335426,1.129084444,0.072705705,2.106262449,-0.829602493,1.07918311,2.329063783,0.854804067,1.227216042,1.342123402,2.41133055,0.439057199,-0.490499942,1,-0.709090988,1.426539642,1.8673612,-0.605816418,1.652680001,2.738031258,0.386876527,-0.402293193,1.482600718,96,3
-7.518458963,1,0.780611062,0.777663268,1.717193143,1.081930732,1.207628859,1.914356053,2.484838561,0.959201785,0.490873335,2.259098384,0.670364425,1.01142568,0.441516159,-1.431655371,1.76733625,1.588120354,-0.069174971,-0.059005299,-1.193533188,0.623915319,1.459398456,1.985498146,1.005141416,0.359193694,0.97456372,2.485750901,-0.330097338,0.868178882,0.899232314,0.637871658,1.354118644,0.024408323,-0.241354412,1.122765106,0.496032906,1.035631035,-0.881300354,3.534813699,0.445967624,0.157660132,-0.377711916,-0.243155097,0.560013551,3.91848297,2.027980291,0.462525322,2.288359028,0.99732825,1.840297114,2.57937623,1,0.780611062,0.777663268,1.717193143,1.081930732,1.207628859,1.914356053,2.484838561,0.959201785,0.490873335,97,1
0.107942587,1,-0.9403719,0.243055224,-0.980869163,0.529979332,0.404284411,1.631121452,-0.616962309,1.293721777,1.978019239,1.421872926,2.508803371,0.192194967,0.505049681,0.949244528,-0.754995045,1.173394986,1.354163196,2.871111399,1.638136991,1.966134953,0.453669696,-0.541021343,-0.344952105,1.622881069,0.550011184,0.975952529,2.303347944,1.011864926,1.848590858,-1.360084002,0.814419713,-0.279335373,1.045024453,0.140934705,1.293434604,1.802172301,0.77492413,1.023561355,1.609795358,2.340574573,1.172405663,-0.244077595,2.546652259,1.106755782,1.104407138,-0.822076508,0.252794185,2.133130706,2.517894646,1.92870897,1,-0.9403719,0.243055224,-0.980869163,0.529979332,0.404284411,1.631121452,-0.616962309,1.293721777,1.978019239,97,2
-0.059445811,1,1.698801041,1.548205042,-0.862692924,-1.262619668,2.106692348,0.866960613,-0.556414652,2.322953382,-0.665023953,0.208501207,1.093194196,0.865811253,1.336801801,1.509338578,0.015750452,1.457415899,-0.033656058,1.740577656,2.41932935,-0.030142601,1.175246125,0.192650731,0.789366735,0.876823877,2.10484629,1.754783645,1.348924385,1.306437188,1.166940584,2.259584018,1.034929899,0.859355674,0.974709135,0.681918959,2.968277647,1.479154024,1.428285353,0.894087108,2.122473593,0.091994659,1.51154285,1.546959381,-0.011059378,1.415498939,0.351916073,-0.835611059,1.920432275,-0.20433499,1.147461859,2.152303125,1,1.698801041,1.548205042,-0.862692924,-1.262619668,2.106692348,0.866960613,-0.556414652,2.322953382,-0.665023953,97,3
-6.684309593,1,0.863080166,1.304435186,1.4784154,0.578173995,1.095236298,-0.085961165,1.93665492,0.671200026,3.560280678,0.476613116,-0.431765036,2.314935667,0.840931688,2.048939193,0.770984505,1.455762491,0.67857641,1.02991622,1.335124444,0.504725467,1.517659441,0.746945721,0.050999096,0.315265362,0.819718831,1.079265951,1.834920482,2.817441782,0.437077966,2.376641639,2.294292164,1.598622178,0.023070865,0.126131823,0.798890878,0.476999309,0.370335113,2.495936449,2.55259154,1.489562436,0.586480174,-0.037056608,2.029150906,1.773137651,1.069309753,1.747450865,0.789769675,2.320374159,0.13217827,1.391562555,1,0.863080166,1.304435186,1.4784154,0.578173995,1.095236298,-0.085961165,1.93665492,0.671200026,3.560280678,98,1
-7.800880895,1,1.239359268,-1.610246469,1.953552304,0.040218731,-1.053480041,2.963854526,-0.044213442,1.467004098,0.9808526,0.433510979,1.646452243,0.997340327,0.656783792,0.898366201,0.676484811,1.109472206,0.378480755,1.118870879,1.213597735,1.336872626,2.548868207,-0.24549462,0.061533911,-0.275606891,0.728877801,0.951932816,0.534298978,2.024509699,0.875340204,1.977255832,0.964394786,1.522437844,1.243724963,1.974567027,-0.403712564,1.088021156,1.85701168,1.598029533,-0.238376278,0.277749724,1.860218478,1.128803249,0.321668236,2.040112004,0.768532452,-0.529882889,0.325976032,1.081450221,0.885237309,1.587337602,1,1.239359268,-1.610246469,1.953552304,0.040218731,-1.053480041,2.963854526,-0.044213442,1.467004098,0.9808526,98,2
-11.30177989,1,2.623698041,0.51017015,1.248040283,1.784755078,1.018255969,2.762431637,0.710387571,0.807891949,-0.702965931,3.270097452,2.756659202,1.222765615,-2.625530698,0.478399628,1.652040337,1.100518972,1.630456302,0.839413654,0.859627278,-0.275362386,0.917137442,2.489361539,-0.09800586,1.20351911,2.211052548,0.21832964,0.055933571,1.128152822,0.825027399,0.884117262,0.034923159,1.907838,0.844944921,1.217455104,2.453584501,0.295051469,1.849653291,0.906349098,1.275185307,1.905886242,0.886518282,1.552590113,1.448665905,-0.781065637,-0.904240289,-0.338431044,-0.020348854,0.785990592,0.388771832,1.922937728,1,2.623698041,0.51017015,1.248040283,1.784755078,1.018255969,2.762431637,0.710387571,0.807891949,-0.702965931,98,3
-5.121630187,1,1.296846386,0.995157824,0.027339608,0.246664225,0.526536167,0.026931007,0.190146025,1.613179219,1.17918556,0.960790137,0.680884999,0.781271414,1.647255271,-0.385603319,0.022119433,1.464079427,2.186144447,1.862288735,0.28602539,1.390300571,1.819079429,1.497480708,2.898799847,1.871058541,0.75196177,0.956126394,1.212396954,0.626706677,1.879063721,1.665874207,0.764019843,2.112745637,-0.090302434,-1.062338892,0.686234771,2.835483518,1.742271163,0.908276651,1.243316045,1.574225386,0.838338002,0.229223779,0.231392724,0.270284533,0.426158035,1.086503207,-0.556002684,1.262975834,-0.049255588,3.401101352,1,1.296846386,0.995157824,0.027339608,0.246664225,0.526536167,0.026931007,0.190146025,1.613179219,1.17918556,99,1
-4.699740537,1,0.622937394,1.544637875,-0.19354759,1.369675575,1.788162035,1.134128874,-1.152417085,-0.045049801,2.598403657,0.899050158,0.749480621,0.931900445,-0.188743132,0.769080042,1.698824966,1.193427326,1.315436317,1.224117214,3.208214651,0.365822197,-0.825377033,1.041275568,0.930049489,-0.01947945,0.850381143,3.54409769,1.433246757,1.124968814,0.954623715,-0.269045978,-0.688570257,2.686374694,1.476830295,0.795486306,1.563468434,0.626951338,1.109999052,2.042862098,-0.193096251,4.000628998,-0.430674924,0.659842507,1.373301546,0.941844443,1.345597595,1.059577521,1.918119464,1.575886786,-0.644523567,0.546452496,1,0.622937394,1.544637875,-0.19354759,1.369675575,1.788162035,1.134128874,-1.152417085,-0.045049801,2.598403657,99,2
-12.50881157,1,1.931255342,-0.005491346,2.4786638,1.190055297,0.348306265,1.387180519,-0.605462966,1.035773683,1.883350766,0.646787555,-0.657171085,2.466078907,2.274669656,2.125736442,2.825368835,0.440771726,-0.014825666,-1.259271996,1.445139495,1.833241427,0.100045616,-0.908506332,0.898213374,-2.177526249,0.236246423,0.534005169,0.085693511,1.364647524,1.805921824,-0.501303194,0.729232536,1.614097017,1.81053546,0.705468751,1.941810701,-0.081308856,0.464440359,-0.386877632,0.011747724,0.333738407,0.666866348,0.797861041,0.493168344,1.032043159,2.076624699,0.746635595,-0.454441091,0.244494749,0.071200162,1.251949726,1,1.931255342,-0.005491346,2.4786638,1.190055297,0.348306265,1.387180519,-0.605462966,1.035773683,1.883350766,99,3
-8.893185314,1,2.060875545,3.272099298,0.634594046,0.586392381,1.274925849,1.737917855,0.33190109,1.986068923,1.436913444,-0.031533787,0.103172287,1.721576253,1.69589153,2.667469856,0.941051586,1.885807481,1.536473028,0.208360797,-0.352529221,-0.308760982,2.962354494,1.463264126,-0.655007439,2.121221666,1.65411459,1.019162291,1.710053918,2.257959318,0.755146086,1.771957248,2.211364057,1.719022515,1.683558043,1.016563059,0.066121541,-0.811746181,0.830261583,2.346077889,1.376418983,2.187755303,2.810334083,1.146360765,0.372161279,0.425988237,1.9397033,0.575345927,1.028702867,0.637676404,0.814025243,0.773599701,1,2.060875545,3.272099298,0.634594046,0.586392381,1.274925849,1.737917855,0.33190109,1.986068923,1.436913444,100,1
-10.96504197,1,2.704058322,1.507168596,1.553846219,0.19682773,0.959739853,2.340095025,1.807407233,1.434734011,1.625361376,-0.542674691,3.390088071,2.812889708,0.991737001,0.471427033,1.773011312,1.124399173,1.302163097,3.222352252,1.079686953,0.179441016,1.793411465,0.530111289,2.595242756,1.250101946,0.16660713,0.070272005,1.269405596,-0.204739535,1.172070388,1.873912717,1.140187705,2.065753056,0.422599333,-1.380627374,1.395313092,0.601765443,2.484941005,2.279327018,2.014129633,3.881058513,-0.39834609,0.737322105,2.279434865,0.316535774,-1.864472405,2.680626088,0.671866862,1.965211008,0.93988077,1.673880953,1,2.704058322,1.507168596,1.553846219,0.19682773,0.959739853,2.340095025,1.807407233,1.434734011,1.625361376,100,2
-4.064237613,1,-0.805759026,1.075246032,1.778102375,-0.433226742,-0.434084974,-0.335058483,0.081590913,1.394508578,1.374217179,2.081255872,0.820982525,-0.763804725,0.810256188,0.995963188,1.598934267,1.173633565,0.262620417,2.283920286,0.737019,-0.94252607,0.49290108,0.667423736,0.228187531,0.604181774,0.948336568,0.854369705,0.910226245,1.742167525,1.959043503,1.866135398,0.522541475,0.623949994,0.25300944,1.929118253,1.415049167,1.325428364,0.854453929,0.530736558,-0.270149068,-1.164082895,0.283189068,1.466354349,0.569673604,0.650866817,0.332480349,-0.355002534,0.160000437,3.512085459,0.470562176,1.525565917,1,-0.805759026,1.075246032,1.778102375,-0.433226742,-0.434084974,-0.335058483,0.081590913,1.394508578,1.374217179,100,3